State-County FIPS Code,Select State,Select County,Total-FIPS-Code,Primary RUCA Code 2010,"Secondary RUCA Code, 2010 (see errata)","Tract Population, 2010","Land Area (square miles), 2010","Population Density (per square mile), 2010"
27001,MN,Aitkin County,27001770100,10,10,"2,327",458.9,5.1
27001,MN,Aitkin County,27001770200,10,10,"2,336",461.8,5.1
27001,MN,Aitkin County,27001770300,10,10,"3,268",33.4,97.8
27001,MN,Aitkin County,27001770400,10,10,"3,052",460.1,6.6
27001,MN,Aitkin County,27001790501,10,10,"1,957",294.3,6.7
27001,MN,Aitkin County,27001790502,10,10,"3,262",113.2,28.8
27003,MN,Anoka County,27003050107,2,2,"2,934",13.7,214.9
27003,MN,Anoka County,27003050108,2,2,"4,750",10.5,452.5
27003,MN,Anoka County,27003050109,2,2,"5,202",25.4,204.8
27003,MN,Anoka County,27003050110,2,2,"2,715",9.5,284.4
27003,MN,Anoka County,27003050111,2,2,"3,709",9.9,376.4
27003,MN,Anoka County,27003050114,2,2,"2,803",10.9,256.7
27003,MN,Anoka County,27003050115,2,2,"5,228",22.9,228
27003,MN,Anoka County,27003050116,2,2,"4,443",33.6,132.4
27003,MN,Anoka County,27003050208,1,1,"3,281",2.2,"1,497.30"
27003,MN,Anoka County,27003050210,2,2,"3,914",44.9,87.1
27003,MN,Anoka County,27003050215,1,1,"4,192",7,600.2
27003,MN,Anoka County,27003050216,1,1,"5,474",14.4,380.2
27003,MN,Anoka County,27003050217,1,1,"2,724",9.7,282
27003,MN,Anoka County,27003050218,1,1,"3,220",6.6,484.7
27003,MN,Anoka County,27003050219,1,1,"3,061",3,"1,005.70"
27003,MN,Anoka County,27003050220,1,1,"6,534",5.4,"1,212.60"
27003,MN,Anoka County,27003050221,1,1,"6,365",5,"1,272.70"
27003,MN,Anoka County,27003050222,1,1,"5,393",1.9,"2,856.00"
27003,MN,Anoka County,27003050223,1,1,"2,673",5.5,488.5
27003,MN,Anoka County,27003050224,1,1,"2,788",6.8,407.1
27003,MN,Anoka County,27003050225,1,1,"6,091",7,864.8
27003,MN,Anoka County,27003050226,1,1,"2,919",1.3,"2,163.30"
27003,MN,Anoka County,27003050227,1,1,"4,304",1.8,"2,384.00"
27003,MN,Anoka County,27003050228,1,1,"4,893",6.3,777.3
27003,MN,Anoka County,27003050229,1,1,"5,425",4.1,"1,338.00"
27003,MN,Anoka County,27003050230,1,1,"2,398",8.6,278.4
27003,MN,Anoka County,27003050232,1,1,"3,792",2.1,"1,783.20"
27003,MN,Anoka County,27003050233,1,1,"3,053",5.1,602.6
27003,MN,Anoka County,27003050234,1,1,"2,861",6.5,437.3
27003,MN,Anoka County,27003050235,1,1,"2,769",6.5,428
27003,MN,Anoka County,27003050236,1,1,"4,296",4.5,962.9
27003,MN,Anoka County,27003050237,1,1,"5,044",6,837.5
27003,MN,Anoka County,27003050401,1,1,"2,972",1.8,"1,622.50"
27003,MN,Anoka County,27003050402,1,1,"3,742",1,"3,711.40"
27003,MN,Anoka County,27003050501,1,1,"3,041",0.8,"3,801.30"
27003,MN,Anoka County,27003050504,1,1,"2,496",0.8,"3,247.40"
27003,MN,Anoka County,27003050505,1,1,"4,911",2.3,"2,092.50"
27003,MN,Anoka County,27003050602,1,1,"2,431",0.7,"3,241.60"
27003,MN,Anoka County,27003050605,1,1,"5,542",2,"2,820.40"
27003,MN,Anoka County,27003050606,1,1,"2,095",0.9,"2,339.30"
27003,MN,Anoka County,27003050607,1,1,"4,491",1.3,"3,543.40"
27003,MN,Anoka County,27003050608,1,1,"4,431",1.3,"3,503.90"
27003,MN,Anoka County,27003050609,1,1,"3,602",2,"1,768.70"
27003,MN,Anoka County,27003050610,1,1,"6,403",1.5,"4,307.80"
27003,MN,Anoka County,27003050702,1,1,"3,125",0.9,"3,455.00"
27003,MN,Anoka County,27003050704,1,1,"4,736",1.6,"2,909.00"
27003,MN,Anoka County,27003050706,1,1,"3,432",0.8,"4,104.40"
27003,MN,Anoka County,27003050707,1,1,"6,229",2,"3,132.60"
27003,MN,Anoka County,27003050709,1,1,"2,478",1.2,"2,046.40"
27003,MN,Anoka County,27003050710,1,1,"3,489",2.1,"1,642.10"
27003,MN,Anoka County,27003050711,1,1,"4,703",2.5,"1,893.20"
27003,MN,Anoka County,27003050712,1,1,"4,289",1.8,"2,427.00"
27003,MN,Anoka County,27003050805,1,1,"6,426",2.3,"2,836.40"
27003,MN,Anoka County,27003050806,1,1,"6,338",2,"3,120.40"
27003,MN,Anoka County,27003050807,1,1,"3,452",1,"3,462.70"
27003,MN,Anoka County,27003050808,1,1,"2,207",0.4,"5,135.80"
27003,MN,Anoka County,27003050809,1,1,"5,956",1.6,"3,723.20"
27003,MN,Anoka County,27003050810,1,1,"4,134",1,"4,005.90"
27003,MN,Anoka County,27003050811,1,1,"2,870",1.5,"1,947.60"
27003,MN,Anoka County,27003050813,1,1,"6,633",6.5,"1,012.90"
27003,MN,Anoka County,27003050816,1,1,"4,511",6.9,654.3
27003,MN,Anoka County,27003050818,1,1,"3,977",3.4,"1,156.40"
27003,MN,Anoka County,27003050819,1,1,"2,947",3.9,762.9
27003,MN,Anoka County,27003050820,1,1,"3,001",1,"2,985.60"
27003,MN,Anoka County,27003050821,1,1,"4,730",2,"2,365.30"
27003,MN,Anoka County,27003050901,1,1,"2,053",0.8,"2,671.50"
27003,MN,Anoka County,27003050902,1,1,"4,918",1.8,"2,760.40"
27003,MN,Anoka County,27003051001,1,1,"2,475",1.1,"2,297.20"
27003,MN,Anoka County,27003051002,1,1,"3,759",0.9,"4,385.90"
27003,MN,Anoka County,27003051101,1,1,"4,985",2.3,"2,213.50"
27003,MN,Anoka County,27003051102,1,1,"4,312",1.4,"2,985.20"
27003,MN,Anoka County,27003051103,1,1,"3,343",1.2,"2,850.90"
27003,MN,Anoka County,27003051201,1,1,"3,733",0.9,"4,021.70"
27003,MN,Anoka County,27003051202,1,1,"3,099",1,"3,159.90"
27003,MN,Anoka County,27003051203,1,1,"5,327",1.4,"3,730.70"
27003,MN,Anoka County,27003051206,1,1,"2,409",2,"1,231.60"
27003,MN,Anoka County,27003051302,1,1,"3,981",0.9,"4,640.80"
27003,MN,Anoka County,27003051304,1,1,"2,323",0.3,"7,374.80"
27003,MN,Anoka County,27003051305,1,1,"3,170",0.5,"6,035.90"
27003,MN,Anoka County,27003051400,1,1,"4,868",0.8,"5,925.90"
27003,MN,Anoka County,27003051501,1,1,"3,005",0.4,"6,993.10"
27003,MN,Anoka County,27003051502,1,1,"2,893",0.6,"4,980.00"
27003,MN,Anoka County,27003051600,2,2,"5,123",33.2,154.1
27005,MN,Becker County,27005450100,10,10.3,"3,012",260.6,11.6
27005,MN,Becker County,27005450200,10,10.3,"2,248",172,13.1
27005,MN,Becker County,27005450300,8,8,"4,962",94.6,52.5
27005,MN,Becker County,27005450400,8,8,"2,357",49.1,48
27005,MN,Becker County,27005450500,7,7,"4,148",5.6,742.1
27005,MN,Becker County,27005450600,7,7,"3,491",2.4,"1,430.50"
27005,MN,Becker County,27005450700,8,8,"3,008",33.3,90.4
27005,MN,Becker County,27005450800,10,10,"2,351",86.4,27.2
27005,MN,Becker County,27005450900,2,2,"3,094",161.6,19.1
27005,MN,Becker County,27005940000,10,10,"3,833",449.7,8.5
27007,MN,Beltrami County,27007450100,5,5,"6,246",170,36.7
27007,MN,Beltrami County,27007450200,4,4,"6,514",36,181
27007,MN,Beltrami County,27007450300,5,5,"4,359",247.9,17.6
27007,MN,Beltrami County,27007450400,5,5,"2,912",265.3,11
27007,MN,Beltrami County,27007450500,10,10,"1,715","1,093.90",1.6
27007,MN,Beltrami County,27007450600,4,4,"5,179",1.5,"3,482.90"
27007,MN,Beltrami County,27007450701,4,4,"4,384",9.9,443.8
27007,MN,Beltrami County,27007450702,4,4,"5,233",11.7,447.1
27007,MN,Beltrami County,27007940001,5,5,"5,885",568.4,10.4
27007,MN,Beltrami County,27007940002,5,5,"2,015",100.5,20.1
27009,MN,Benton County,27009020100,10,10,"5,807",140.2,41.4
27009,MN,Benton County,27009020202,2,2,"2,773",122.7,22.6
27009,MN,Benton County,27009020203,2,2,"2,184",45.7,47.8
27009,MN,Benton County,27009020205,1,1,"3,093",20.3,152.3
27009,MN,Benton County,27009020206,1,1,"2,693",7.3,369
27009,MN,Benton County,27009020300,2,2,"3,022",61.6,49.1
27009,MN,Benton County,27009021101,1,1,"8,153",3.8,"2,172.20"
27009,MN,Benton County,27009021102,1,1,"4,221",2.4,"1,764.50"
27009,MN,Benton County,27009021200,1,1,"6,505",4.3,"1,502.00"
27011,MN,Big Stone County,27011950100,10,10,"1,516",284.9,5.3
27011,MN,Big Stone County,27011950200,10,10,"1,774",203.6,8.7
27011,MN,Big Stone County,27011950300,10,10,"1,979",10.5,188.3
27013,MN,Blue Earth County,27013170100,1,1,"4,635",43.1,107.5
27013,MN,Blue Earth County,27013170200,1,1,"5,176",37.2,139.2
27013,MN,Blue Earth County,27013170300,1,1,"2,990",3.2,938.8
27013,MN,Blue Earth County,27013170400,1,1,"3,329",1.9,"1,787.90"
27013,MN,Blue Earth County,27013170500,1,1,"4,592",1.9,"2,468.10"
27013,MN,Blue Earth County,27013170600,1,1,"2,334",0.3,"7,496.80"
27013,MN,Blue Earth County,27013170700,1,1,"2,817",0.6,"5,091.20"
27013,MN,Blue Earth County,27013170800,1,1,"4,568",5.1,888.5
27013,MN,Blue Earth County,27013170900,2,2,"3,152",133.9,23.5
27013,MN,Blue Earth County,27013171000,2,2,"3,359",44.6,75.4
27013,MN,Blue Earth County,27013171101,1,1,"6,063",0.7,"8,511.40"
27013,MN,Blue Earth County,27013171202,1,1,"5,760",2,"2,878.80"
27013,MN,Blue Earth County,27013171300,2,2,"3,822",114.4,33.4
27013,MN,Blue Earth County,27013171400,2,2,"3,601",173,20.8
27013,MN,Blue Earth County,27013171500,2,2,"2,792",184.8,15.1
27013,MN,Blue Earth County,27013171600,1,1,"5,023",1.2,"4,045.40"
27015,MN,Brown County,27015960101,4,4,"2,000",0.9,"2,242.60"
27015,MN,Brown County,27015960102,4,4,"1,270",1.3,"1,008.10"
27015,MN,Brown County,27015960200,4,4,"4,482",2.4,"1,852.40"
27015,MN,Brown County,27015960300,4,4,"3,152",0.8,"4,142.30"
27015,MN,Brown County,27015960400,4,4,"4,479",195.7,22.9
27015,MN,Brown County,27015960500,7,7,"3,832",18.2,210.4
27015,MN,Brown County,27015960600,10,10,"3,221",102.6,31.4
27015,MN,Brown County,27015960700,5,5,"3,457",289.2,12
27017,MN,Carlton County,27017070100,4,4.1,"5,173",8.6,600
27017,MN,Carlton County,27017070200,4,4.1,"3,924",3.9,"1,017.70"
27017,MN,Carlton County,27017070300,2,2,"5,168",41.5,124.5
27017,MN,Carlton County,27017070400,4,4.1,"7,822",218.1,35.9
27017,MN,Carlton County,27017070500,7,7,"6,808",129.5,52.6
27017,MN,Carlton County,27017070600,10,10,"3,382",378.3,8.9
27017,MN,Carlton County,27017940000,5,5,"3,109",81.5,38.1
27019,MN,Carver County,27019090100,2,2,"5,507",33.6,164
27019,MN,Carver County,27019090200,2,2,"3,958",71.2,55.6
27019,MN,Carver County,27019090301,2,2,"6,748",19.7,342.3
27019,MN,Carver County,27019090302,2,2,"5,079",8.9,572.6
27019,MN,Carver County,27019090401,1,1,"4,545",26.3,172.6
27019,MN,Carver County,27019090402,1,1,"5,481",8,685.7
27019,MN,Carver County,27019090501,1,1,"2,405",2.4,"1,015.70"
27019,MN,Carver County,27019090502,1,1,"2,871",1.3,"2,203.30"
27019,MN,Carver County,27019090503,1,1,"2,593",2.1,"1,216.80"
27019,MN,Carver County,27019090601,1,1,"3,861",1.4,"2,838.90"
27019,MN,Carver County,27019090602,1,1,"2,973",1.2,"2,532.90"
27019,MN,Carver County,27019090701,1,1,"6,184",5.5,"1,119.70"
27019,MN,Carver County,27019090702,1,1,"2,058",6.2,329.7
27019,MN,Carver County,27019090800,1,1,"8,218",5.5,"1,501.40"
27019,MN,Carver County,27019090900,1,1,"5,481",4.5,"1,224.50"
27019,MN,Carver County,27019091000,1,1,"9,766",6.7,"1,462.80"
27019,MN,Carver County,27019091100,1,1,"5,887",62.6,94.1
27019,MN,Carver County,27019091201,2,2,"4,777",34.8,137.1
27019,MN,Carver County,27019091202,2,2,"2,650",52.5,50.5
27021,MN,Cass County,27021940001,10,10,"3,860",152.3,25.3
27021,MN,Cass County,27021940002,10,10,"3,101",319.8,9.7
27021,MN,Cass County,27021960100,10,10,"2,062",396.6,5.2
27021,MN,Cass County,27021960200,10,10,"2,305",299.3,7.7
27021,MN,Cass County,27021960301,10,10,872,41.7,20.9
27021,MN,Cass County,27021960302,10,10,"1,092",59,18.5
27021,MN,Cass County,27021960600,10,10,"2,959",129.3,22.9
27021,MN,Cass County,27021960700,10,10,"4,426",335.9,13.2
27021,MN,Cass County,27021960801,5,5,"3,526",34.9,100.9
27021,MN,Cass County,27021960802,6,6,"4,364",252.7,17.3
27023,MN,Chippewa County,27023950300,7,7,"2,056",100.8,20.4
27023,MN,Chippewa County,27023950400,10,10,"2,239",138.2,16.2
27023,MN,Chippewa County,27023950500,8,8,"2,238",324.6,6.9
27023,MN,Chippewa County,27023950600,7,7,"5,908",17.5,338.4
27025,MN,Chisago County,27025110100,2,2,"4,005",70.1,57.2
27025,MN,Chisago County,27025110200,2,2,"6,967",98.7,70.6
27025,MN,Chisago County,27025110301,2,2,"3,854",18.6,207.2
27025,MN,Chisago County,27025110302,2,2,"6,271",17,368.9
27025,MN,Chisago County,27025110401,2,2,"8,704",28.4,305.9
27025,MN,Chisago County,27025110402,2,2,"4,474",34.1,131.2
27025,MN,Chisago County,27025110501,2,2,"3,977",5.2,766.9
27025,MN,Chisago County,27025110502,2,2,"6,934",12.3,565
27025,MN,Chisago County,27025110600,2,2,"4,747",66.3,71.6
27025,MN,Chisago County,27025110700,2,2,"3,954",64.2,61.6
27027,MN,Clay County,27027020100,1,1,"5,459",2.1,"2,622.20"
27027,MN,Clay County,27027020202,1,1,"2,352",0.6,"3,671.90"
27027,MN,Clay County,27027020300,1,1,"2,949",0.7,"3,937.40"
27027,MN,Clay County,27027020400,1,1,"5,091",0.7,"6,844.10"
27027,MN,Clay County,27027020500,1,1,"5,626",1.8,"3,184.90"
27027,MN,Clay County,27027020600,1,1,"4,293",1.7,"2,547.60"
27027,MN,Clay County,27027030102,1,1,"5,419",7.5,719.3
27027,MN,Clay County,27027030103,1,1,"6,853",2.4,"2,826.70"
27027,MN,Clay County,27027030104,1,1,"6,882",192.8,35.7
27027,MN,Clay County,27027030106,1,1,"2,187",6.9,316.1
27027,MN,Clay County,27027030107,2,2,"1,729",238.8,7.2
27027,MN,Clay County,27027030201,2,2,"5,631",338.8,16.6
27027,MN,Clay County,27027030202,2,2,"4,528",250.4,18.1
27029,MN,Clearwater County,27029000100,5,5,"2,688",67.2,40
27029,MN,Clearwater County,27029000200,6,6,"2,824",447.1,6.3
27029,MN,Clearwater County,27029000300,10,10,"3,183",484.6,6.6
27031,MN,Cook County,27031480100,10,10,"3,126","1,394.90",2.2
27031,MN,Cook County,27031480200,10,10,"2,050",57.3,35.8
27031,MN,Cook County,27031990000,10,10,0,0,
27033,MN,Cottonwood County,27033270100,10,10,"2,897",148.3,19.5
27033,MN,Cottonwood County,27033270200,10,10,"2,407",210.2,11.5
27033,MN,Cottonwood County,27033270300,7,7,"3,220",206.8,15.6
27033,MN,Cottonwood County,27033270400,7,7,"3,163",73.3,43.1
27035,MN,Crow Wing County,27035950100,10,10,"1,985",203.5,9.8
27035,MN,Crow Wing County,27035950204,10,10,"1,834",36.4,50.3
27035,MN,Crow Wing County,27035950400,10,10,"5,233",41.9,124.9
27035,MN,Crow Wing County,27035950501,10,10.2,"2,675",19.4,137.8
27035,MN,Crow Wing County,27035950502,5,5,"2,567",53.3,48.1
27035,MN,Crow Wing County,27035950700,7,7,"5,797",64.9,89.3
27035,MN,Crow Wing County,27035950800,5,5,"4,666",137.5,33.9
27035,MN,Crow Wing County,27035950900,5,5,"5,331",27.6,193.3
27035,MN,Crow Wing County,27035951000,4,4,"4,124",6.1,672.4
27035,MN,Crow Wing County,27035951100,4,4,"4,368",5.9,741.6
27035,MN,Crow Wing County,27035951200,4,4,"2,659",3,874.8
27035,MN,Crow Wing County,27035951301,4,4,"4,702",10.1,467.5
27035,MN,Crow Wing County,27035951302,4,4,"6,236",13.3,467.5
27035,MN,Crow Wing County,27035951400,5,5,"5,002",156.9,31.9
27035,MN,Crow Wing County,27035951600,6,6,"2,584",129,20
27035,MN,Crow Wing County,27035951700,10,10,"2,737",90.2,30.3
27037,MN,Dakota County,27037060101,1,1,"3,756",0.5,"6,911.00"
27037,MN,Dakota County,27037060102,1,1,"2,837",0.5,"5,696.80"
27037,MN,Dakota County,27037060103,1,1,"2,691",0.9,"3,097.20"
27037,MN,Dakota County,27037060104,1,1,"5,123",1.5,"3,326.20"
27037,MN,Dakota County,27037060105,1,1,"5,133",1.5,"3,521.60"
27037,MN,Dakota County,27037060201,1,1,"2,494",0.7,"3,424.30"
27037,MN,Dakota County,27037060202,1,1,"3,587",1,"3,468.70"
27037,MN,Dakota County,27037060301,1,1,"4,240",1.3,"3,280.70"
27037,MN,Dakota County,27037060302,1,1,"3,608",0.6,"5,668.40"
27037,MN,Dakota County,27037060401,1,1,"2,418",0.4,"5,667.70"
27037,MN,Dakota County,27037060402,1,1,"3,515",1.2,"3,052.00"
27037,MN,Dakota County,27037060502,1,1,"4,271",1.8,"2,397.90"
27037,MN,Dakota County,27037060503,1,1,"4,990",1.3,"3,794.20"
27037,MN,Dakota County,27037060505,1,1,"5,224",6,864.8
27037,MN,Dakota County,27037060506,1,1,"5,692",2.5,"2,270.50"
27037,MN,Dakota County,27037060507,1,1,"3,365",1.7,"2,023.50"
27037,MN,Dakota County,27037060508,1,1,"5,716",11.9,480.4
27037,MN,Dakota County,27037060509,1,1,"5,441",4.4,"1,227.50"
27037,MN,Dakota County,27037060603,1,1,"4,341",2.8,"1,574.10"
27037,MN,Dakota County,27037060604,1,1,"3,199",1.8,"1,813.70"
27037,MN,Dakota County,27037060605,1,1,"1,593",3.9,405.9
27037,MN,Dakota County,27037060606,1,1,"2,759",1.4,"1,949.30"
27037,MN,Dakota County,27037060709,1,1,"5,718",1.5,"3,922.70"
27037,MN,Dakota County,27037060710,1,1,"4,113",3.9,"1,043.10"
27037,MN,Dakota County,27037060711,1,1,"4,474",1.4,"3,243.40"
27037,MN,Dakota County,27037060713,1,1,"3,115",1.1,"2,840.40"
27037,MN,Dakota County,27037060714,1,1,"4,480",1.6,"2,740.10"
27037,MN,Dakota County,27037060716,1,1,"3,690",1.5,"2,527.10"
27037,MN,Dakota County,27037060717,1,1,"2,196",4.7,469.5
27037,MN,Dakota County,27037060721,1,1,"2,211",0.7,"3,031.40"
27037,MN,Dakota County,27037060725,1,1,"3,461",4.1,848.7
27037,MN,Dakota County,27037060726,1,1,"2,546",1.8,"1,406.10"
27037,MN,Dakota County,27037060727,1,1,"3,116",0.9,"3,521.70"
27037,MN,Dakota County,27037060728,1,1,"4,544",1.8,"2,542.40"
27037,MN,Dakota County,27037060729,1,1,"4,100",1.8,"2,304.60"
27037,MN,Dakota County,27037060730,1,1,"6,301",1.9,"3,282.20"
27037,MN,Dakota County,27037060731,1,1,"4,520",3.4,"1,330.90"
27037,MN,Dakota County,27037060732,1,1,"5,762",1.9,"3,025.30"
27037,MN,Dakota County,27037060733,1,1,"3,883",1.3,"2,921.80"
27037,MN,Dakota County,27037060734,1,1,"4,641",2,"2,266.60"
27037,MN,Dakota County,27037060735,1,1,"4,830",1.4,"3,552.20"
27037,MN,Dakota County,27037060737,1,1,"4,604",0.8,"5,579.40"
27037,MN,Dakota County,27037060738,1,1,"3,243",0.8,"3,945.30"
27037,MN,Dakota County,27037060739,1,1,"5,357",3.1,"1,701.00"
27037,MN,Dakota County,27037060741,1,1,"6,717",1.8,"3,774.80"
27037,MN,Dakota County,27037060742,1,1,"3,717",1.3,"2,760.20"
27037,MN,Dakota County,27037060743,1,1,"1,452",0.3,"4,854.80"
27037,MN,Dakota County,27037060744,1,1,"1,573",0.8,"1,984.00"
27037,MN,Dakota County,27037060745,1,1,"4,262",1.5,"2,840.80"
27037,MN,Dakota County,27037060746,1,1,"3,287",0.8,"4,310.40"
27037,MN,Dakota County,27037060747,1,1,"3,760",0.8,"4,978.50"
27037,MN,Dakota County,27037060748,1,1,"3,459",4.5,776.8
27037,MN,Dakota County,27037060749,1,1,"1,548",0.3,"5,492.00"
27037,MN,Dakota County,27037060750,1,1,"3,832",0.7,"5,180.90"
27037,MN,Dakota County,27037060805,1,1,"3,261",0.6,"5,706.90"
27037,MN,Dakota County,27037060806,1,1,"5,588",2.1,"2,650.30"
27037,MN,Dakota County,27037060811,1,1,"5,238",1.6,"3,200.80"
27037,MN,Dakota County,27037060812,1,1,"5,879",1.4,"4,167.10"
27037,MN,Dakota County,27037060813,1,1,"4,328",3,"1,425.10"
27037,MN,Dakota County,27037060814,1,1,"6,062",1.9,"3,184.50"
27037,MN,Dakota County,27037060815,1,1,"4,698",2.6,"1,842.10"
27037,MN,Dakota County,27037060816,1,1,"5,649",2.8,"2,021.20"
27037,MN,Dakota County,27037060817,1,1,"7,525",3,"2,480.00"
27037,MN,Dakota County,27037060818,1,1,"7,439",4.5,"1,646.50"
27037,MN,Dakota County,27037060819,1,1,"6,508",1.7,"3,905.40"
27037,MN,Dakota County,27037060820,1,1,"7,864",9.6,816.6
27037,MN,Dakota County,27037060821,1,1,"5,881",6.8,870.4
27037,MN,Dakota County,27037060822,1,1,"1,337",1.1,"1,208.50"
27037,MN,Dakota County,27037060823,1,1,"3,817",1.6,"2,344.60"
27037,MN,Dakota County,27037060824,1,1,"3,563",1.1,"3,284.00"
27037,MN,Dakota County,27037060825,1,1,"6,851",3.3,"2,086.70"
27037,MN,Dakota County,27037060826,1,1,"6,790",2,"3,387.80"
27037,MN,Dakota County,27037060828,1,1,"3,727",0.7,"5,053.50"
27037,MN,Dakota County,27037060829,1,1,"3,039",1.2,"2,433.10"
27037,MN,Dakota County,27037060902,1,1,"4,531",5.5,829.3
27037,MN,Dakota County,27037060904,1,1,"3,498",3.4,"1,027.50"
27037,MN,Dakota County,27037060905,1,1,"5,019",7.8,644.3
27037,MN,Dakota County,27037060906,1,1,"3,394",2.6,"1,325.20"
27037,MN,Dakota County,27037060907,1,1,"6,581",5.3,"1,232.80"
27037,MN,Dakota County,27037061001,2,2,"3,455",75.1,46
27037,MN,Dakota County,27037061003,1,1,"1,329",26.8,49.6
27037,MN,Dakota County,27037061004,1,1,"6,116",2,"2,993.10"
27037,MN,Dakota County,27037061005,1,1,"2,396",0.5,"4,822.60"
27037,MN,Dakota County,27037061007,1,1,"4,965",1.2,"4,267.70"
27037,MN,Dakota County,27037061008,1,1,"1,864",0.6,"3,322.20"
27037,MN,Dakota County,27037061009,1,1,"5,198",2.2,"2,384.40"
27037,MN,Dakota County,27037061102,2,2,"4,860",2.8,"1,728.20"
27037,MN,Dakota County,27037061105,2,2,"2,372",0.6,"3,750.20"
27037,MN,Dakota County,27037061106,2,2,"2,962",0.8,"3,524.50"
27037,MN,Dakota County,27037061107,2,2,"6,364",8,794.7
27037,MN,Dakota County,27037061108,2,2,"6,130",9.7,634.2
27037,MN,Dakota County,27037061401,2,2,"3,054",44,69.5
27037,MN,Dakota County,27037061402,2,2,"3,640",81.8,44.5
27037,MN,Dakota County,27037061501,2,2,"2,414",65.2,37
27037,MN,Dakota County,27037061502,4,4,"2,861",57.8,49.5
27039,MN,Dodge County,27039950100,2,2,"4,491",93.6,48
27039,MN,Dodge County,27039950200,2,2,"4,001",79.7,50.2
27039,MN,Dodge County,27039950300,2,2,"2,349",114.6,20.5
27039,MN,Dodge County,27039950400,2,2,"3,592",144.1,24.9
27039,MN,Dodge County,27039950500,2,2,"5,654",7.3,779.8
27041,MN,Douglas County,27041450100,5,5,"3,100",161.1,19.2
27041,MN,Douglas County,27041450200,5,5,"3,769",159.4,23.6
27041,MN,Douglas County,27041450500,4,4,"4,606",86.7,53.1
27041,MN,Douglas County,27041450600,4,4,"5,966",7.6,789.9
27041,MN,Douglas County,27041450701,4,4,"4,792",10.4,461.7
27041,MN,Douglas County,27041450702,4,4,"2,631",2.9,920.5
27041,MN,Douglas County,27041450800,5,5,"3,487",83.7,41.7
27041,MN,Douglas County,27041450900,5,5,"3,509",76.6,45.8
27041,MN,Douglas County,27041451000,5,5,"4,149",49,84.7
27043,MN,Faribault County,27043460100,10,10,"1,953",174.4,11.2
27043,MN,Faribault County,27043460200,10,10,"2,212",108.1,20.5
27043,MN,Faribault County,27043460300,8,8,"1,995",168.8,11.8
27043,MN,Faribault County,27043460400,7,7,"3,343",7.1,469.4
27043,MN,Faribault County,27043460500,10,10,"2,460",221.6,11.1
27043,MN,Faribault County,27043460600,10,10,"2,590",32.5,79.6
27045,MN,Fillmore County,27045960100,10,10,"3,254",92.3,35.3
27045,MN,Fillmore County,27045960200,2,2,"4,469",176.2,25.4
27045,MN,Fillmore County,27045960300,2,2,"3,616",70,51.6
27045,MN,Fillmore County,27045960400,10,10,"3,136",183.9,17.1
27045,MN,Fillmore County,27045960500,10,10,"3,266",171.6,19
27045,MN,Fillmore County,27045960600,10,10,"3,125",167.4,18.7
27047,MN,Freeborn County,27047180100,10,10,"2,879",149.9,19.2
27047,MN,Freeborn County,27047180200,5,5,"2,735",166.5,16.4
27047,MN,Freeborn County,27047180300,5,5,"3,421",151.4,22.6
27047,MN,Freeborn County,27047180400,4,4,"3,161",1.5,"2,077.10"
27047,MN,Freeborn County,27047180500,4,4,"4,291",3.7,"1,160.30"
27047,MN,Freeborn County,27047180600,4,4,"3,872",5.6,692.9
27047,MN,Freeborn County,27047180700,5,5,"2,596",87.3,29.8
27047,MN,Freeborn County,27047180800,4,4,"2,524",1.1,"2,359.00"
27047,MN,Freeborn County,27047180900,4,4,"3,414",1.1,"3,032.60"
27047,MN,Freeborn County,27047181000,5,5,"2,362",138.9,17
27049,MN,Goodhue County,27049080101,4,4,"4,135",1.7,"2,395.20"
27049,MN,Goodhue County,27049080102,4,4,"5,672",3.3,"1,703.20"
27049,MN,Goodhue County,27049080200,4,4,"7,204",50.2,143.5
27049,MN,Goodhue County,27049080300,5,5,"3,998",106.7,37.5
27049,MN,Goodhue County,27049080400,5,5,"4,115",161.2,25.5
27049,MN,Goodhue County,27049080500,2,2,"3,495",131.5,26.6
27049,MN,Goodhue County,27049080600,7,7.1,"4,656",11.2,416
27049,MN,Goodhue County,27049080700,10,10,"3,490",145.3,24
27049,MN,Goodhue County,27049080800,7,7.1,"4,052",70.2,57.7
27049,MN,Goodhue County,27049080900,7,7.1,"5,366",75.5,71.1
27051,MN,Grant County,27051070100,10,10,"3,092",199.1,15.5
27051,MN,Grant County,27051070200,10,10,"2,926",349,8.4
27053,MN,Hennepin County,27053000101,1,1,"3,031",0.8,"3,913.20"
27053,MN,Hennepin County,27053000102,1,1,"4,569",0.9,"5,078.80"
27053,MN,Hennepin County,27053000300,1,1,"3,173",0.4,"8,083.10"
27053,MN,Hennepin County,27053000601,1,1,"4,641",1.5,"3,175.70"
27053,MN,Hennepin County,27053000603,1,1,"2,749",0.5,"5,484.80"
27053,MN,Hennepin County,27053001100,1,1,"2,027",0.2,"8,111.40"
27053,MN,Hennepin County,27053001700,1,1,"2,335",0.3,"7,095.90"
27053,MN,Hennepin County,27053002200,1,1,"1,427",0.2,"8,146.10"
27053,MN,Hennepin County,27053002400,1,1,"2,250",0.3,"7,626.30"
27053,MN,Hennepin County,27053002700,1,1,"2,583",0.3,"10,262.10"
27053,MN,Hennepin County,27053003200,1,1,"1,812",0.3,"7,144.40"
27053,MN,Hennepin County,27053003300,1,1,"2,138",0.2,"8,870.00"
27053,MN,Hennepin County,27053003800,1,1,"4,768",0.3,"14,608.70"
27053,MN,Hennepin County,27053005901,1,1,"3,166",0.2,"18,415.40"
27053,MN,Hennepin County,27053005902,1,1,"3,198",0.2,"17,681.20"
27053,MN,Hennepin County,27053006800,1,1,"3,828",0.2,"20,649.60"
27053,MN,Hennepin County,27053007700,1,1,"2,618",0.3,"9,967.20"
27053,MN,Hennepin County,27053007801,1,1,"1,693",0.1,"16,653.90"
27053,MN,Hennepin County,27053008100,1,1,"3,394",0.2,"13,994.40"
27053,MN,Hennepin County,27053008200,1,1,"4,534",0.2,"18,692.70"
27053,MN,Hennepin County,27053008300,1,1,"2,221",0.2,"12,221.40"
27053,MN,Hennepin County,27053008400,1,1,"2,720",0.2,"15,088.50"
27053,MN,Hennepin County,27053008500,1,1,"4,396",0.4,"12,161.50"
27053,MN,Hennepin County,27053009500,1,1,"3,083",0.2,"12,455.60"
27053,MN,Hennepin County,27053009600,1,1,"3,436",0.3,"10,643.80"
27053,MN,Hennepin County,27053010600,1,1,"2,756",0.4,"7,037.80"
27053,MN,Hennepin County,27053010700,1,1,"2,435",0.3,"7,215.30"
27053,MN,Hennepin County,27053011000,1,1,"3,504",0.6,"6,214.20"
27053,MN,Hennepin County,27053011703,1,1,"4,041",0.7,"6,031.90"
27053,MN,Hennepin County,27053011704,1,1,"3,171",0.6,"5,147.00"
27053,MN,Hennepin County,27053011800,1,1,"4,460",0.9,"4,974.60"
27053,MN,Hennepin County,27053011998,1,1,"3,980",0.6,"7,113.90"
27053,MN,Hennepin County,27053012001,1,1,"5,732",1,"5,846.80"
27053,MN,Hennepin County,27053012003,1,1,"4,972",0.9,"5,494.60"
27053,MN,Hennepin County,27053012101,1,1,"3,159",0.9,"3,593.80"
27053,MN,Hennepin County,27053012102,1,1,"2,819",0.8,"3,713.60"
27053,MN,Hennepin County,27053020101,1,1,"3,167",0.7,"4,390.40"
27053,MN,Hennepin County,27053020102,1,1,"1,989",1,"2,032.30"
27053,MN,Hennepin County,27053020200,1,1,"7,675",2.3,"3,305.60"
27053,MN,Hennepin County,27053020301,1,1,"2,623",0.9,"3,022.40"
27053,MN,Hennepin County,27053020302,1,1,"2,416",0.5,"5,340.60"
27053,MN,Hennepin County,27053020303,1,1,"3,856",0.7,"5,178.30"
27053,MN,Hennepin County,27053020304,1,1,"3,092",0.8,"4,121.30"
27053,MN,Hennepin County,27053020400,1,1,"4,637",1.5,"3,180.00"
27053,MN,Hennepin County,27053020500,1,1,"3,700",0.8,"4,843.50"
27053,MN,Hennepin County,27053020600,1,1,"2,105",0.6,"3,529.00"
27053,MN,Hennepin County,27053020700,1,1,"3,965",1.5,"2,630.10"
27053,MN,Hennepin County,27053020801,1,1,"2,058",0.5,"4,069.60"
27053,MN,Hennepin County,27053020804,1,1,"2,852",0.7,"4,260.20"
27053,MN,Hennepin County,27053020902,1,1,"2,162",0.6,"3,688.70"
27053,MN,Hennepin County,27053020903,1,1,"3,124",0.8,"4,102.70"
27053,MN,Hennepin County,27053021001,1,1,"5,794",1.2,"5,003.80"
27053,MN,Hennepin County,27053021002,1,1,"1,906",0.5,"3,780.70"
27053,MN,Hennepin County,27053021100,1,1,"1,888",0.4,"4,421.60"
27053,MN,Hennepin County,27053021200,1,1,"4,500",1,"4,442.80"
27053,MN,Hennepin County,27053021300,1,1,"4,428",0.7,"6,153.50"
27053,MN,Hennepin County,27053021400,1,1,"3,137",0.6,"4,969.20"
27053,MN,Hennepin County,27053021501,1,1,"3,880",0.7,"5,510.20"
27053,MN,Hennepin County,27053021502,1,1,"3,753",0.8,"4,819.20"
27053,MN,Hennepin County,27053021503,1,1,"4,971",1.5,"3,325.20"
27053,MN,Hennepin County,27053021504,1,1,"3,546",1.1,"3,195.80"
27053,MN,Hennepin County,27053021505,1,1,"4,473",1,"4,340.10"
27053,MN,Hennepin County,27053021601,1,1,"4,186",1.6,"2,620.20"
27053,MN,Hennepin County,27053021602,1,1,"5,567",2.4,"2,291.40"
27053,MN,Hennepin County,27053021700,1,1,"5,019",2.3,"2,212.30"
27053,MN,Hennepin County,27053021800,1,1,"2,204",1.5,"1,484.30"
27053,MN,Hennepin County,27053021900,1,1,"3,401",2.4,"1,406.10"
27053,MN,Hennepin County,27053022000,1,1,"1,431",0.7,"2,190.80"
27053,MN,Hennepin County,27053022101,1,1,"2,677",0.5,"5,098.50"
27053,MN,Hennepin County,27053022102,1,1,"2,500",0.5,"4,761.20"
27053,MN,Hennepin County,27053022200,1,1,"4,528",1.5,"3,051.00"
27053,MN,Hennepin County,27053022301,1,1,"2,211",0.5,"4,041.20"
27053,MN,Hennepin County,27053022302,1,1,"2,898",0.6,"5,190.90"
27053,MN,Hennepin County,27053022400,1,1,"3,747",0.6,"6,171.00"
27053,MN,Hennepin County,27053022700,1,1,"3,876",0.7,"5,685.40"
27053,MN,Hennepin County,27053022801,1,1,"2,100",0.7,"3,173.80"
27053,MN,Hennepin County,27053022802,1,1,"3,025",0.5,"5,801.20"
27053,MN,Hennepin County,27053022901,1,1,"4,689",1,"4,886.50"
27053,MN,Hennepin County,27053022902,1,1,"1,771",0.3,"5,474.90"
27053,MN,Hennepin County,27053023000,1,1,"4,177",1.4,"3,063.20"
27053,MN,Hennepin County,27053023100,1,1,"1,762",0.4,"4,785.60"
27053,MN,Hennepin County,27053023200,1,1,"6,171",1.5,"4,247.00"
27053,MN,Hennepin County,27053023300,1,1,"5,372",1.2,"4,549.10"
27053,MN,Hennepin County,27053023400,1,1,"6,048",1.4,"4,178.10"
27053,MN,Hennepin County,27053023501,1,1,"3,591",1.1,"3,173.20"
27053,MN,Hennepin County,27053023502,1,1,"5,782",2.3,"2,466.60"
27053,MN,Hennepin County,27053023600,1,1,"3,757",1,"3,702.20"
27053,MN,Hennepin County,27053023700,1,1,"4,924",1.8,"2,750.80"
27053,MN,Hennepin County,27053023801,1,1,"5,023",1.2,"4,094.90"
27053,MN,Hennepin County,27053023802,1,1,"2,719",0.6,"4,900.80"
27053,MN,Hennepin County,27053023901,1,1,"3,632",1.3,"2,801.10"
27053,MN,Hennepin County,27053023902,1,1,"1,975",1.7,"1,186.10"
27053,MN,Hennepin County,27053023903,1,1,"3,137",1.4,"2,225.80"
27053,MN,Hennepin County,27053024003,1,1,"4,401",1,"4,334.10"
27053,MN,Hennepin County,27053024004,1,1,"3,532",0.5,"7,085.20"
27053,MN,Hennepin County,27053024005,1,1,"1,728",0.4,"3,911.60"
27053,MN,Hennepin County,27053024006,1,1,"1,978",0.7,"2,854.40"
27053,MN,Hennepin County,27053024100,1,1,"3,229",0.7,"4,735.70"
27053,MN,Hennepin County,27053024200,1,1,"3,115",0.6,"4,871.00"
27053,MN,Hennepin County,27053024300,1,1,"4,254",0.7,"5,870.40"
27053,MN,Hennepin County,27053024400,1,1,"4,022",0.7,"6,151.00"
27053,MN,Hennepin County,27053024500,1,1,"2,286",0.7,"3,103.00"
27053,MN,Hennepin County,27053024600,1,1,"3,792",0.7,"5,120.10"
27053,MN,Hennepin County,27053024700,1,1,"3,261",0.8,"4,186.50"
27053,MN,Hennepin County,27053024801,1,1,"2,439",0.4,"6,074.90"
27053,MN,Hennepin County,27053024802,1,1,"2,980",0.4,"7,359.10"
27053,MN,Hennepin County,27053024901,1,1,"1,032",0.2,"4,182.60"
27053,MN,Hennepin County,27053024902,1,1,"2,383",0.4,"6,175.40"
27053,MN,Hennepin County,27053024903,1,1,"2,301",0.3,"6,611.20"
27053,MN,Hennepin County,27053025100,1,1,"2,570",2.8,930.8
27053,MN,Hennepin County,27053025201,1,1,"4,638",1,"4,796.50"
27053,MN,Hennepin County,27053025205,1,1,"4,948",1.2,"4,048.80"
27053,MN,Hennepin County,27053025301,1,1,"2,780",1.8,"1,517.40"
27053,MN,Hennepin County,27053025302,1,1,"4,305",1,"4,239.70"
27053,MN,Hennepin County,27053025401,1,1,"3,889",1.1,"3,557.10"
27053,MN,Hennepin County,27053025403,1,1,"3,717",0.8,"4,778.60"
27053,MN,Hennepin County,27053025601,1,1,"2,221",1,"2,248.80"
27053,MN,Hennepin County,27053025603,1,1,"3,700",1.4,"2,641.40"
27053,MN,Hennepin County,27053025605,1,1,"3,335",1.4,"2,315.70"
27053,MN,Hennepin County,27053025701,1,1,"6,733",2.1,"3,191.20"
27053,MN,Hennepin County,27053025702,1,1,"4,886",2.2,"2,256.50"
27053,MN,Hennepin County,27053025801,1,1,"3,059",1.1,"2,875.70"
27053,MN,Hennepin County,27053025802,1,1,"2,327",0.8,"2,814.40"
27053,MN,Hennepin County,27053025803,1,1,"3,021",0.8,"3,699.20"
27053,MN,Hennepin County,27053025805,1,1,"2,759",2,"1,364.10"
27053,MN,Hennepin County,27053025903,1,1,"6,089",3.1,"1,973.50"
27053,MN,Hennepin County,27053025905,1,1,"3,696",2.1,"1,749.40"
27053,MN,Hennepin County,27053025906,1,1,"5,967",3.1,"1,921.20"
27053,MN,Hennepin County,27053025907,1,1,"4,381",2.3,"1,876.50"
27053,MN,Hennepin County,27053026005,1,1,"3,961",1.8,"2,236.80"
27053,MN,Hennepin County,27053026006,1,1,"2,832",1.3,"2,237.60"
27053,MN,Hennepin County,27053026007,1,1,"4,534",5,904.8
27053,MN,Hennepin County,27053026013,1,1,"4,555",1.8,"2,585.30"
27053,MN,Hennepin County,27053026014,1,1,"5,227",2,"2,561.00"
27053,MN,Hennepin County,27053026015,1,1,"5,399",2.6,"2,071.90"
27053,MN,Hennepin County,27053026016,1,1,"7,058",2.5,"2,824.50"
27053,MN,Hennepin County,27053026018,1,1,"6,952",7,988.6
27053,MN,Hennepin County,27053026019,1,1,"4,815",1.4,"3,386.10"
27053,MN,Hennepin County,27053026020,1,1,"4,181",1.9,"2,187.20"
27053,MN,Hennepin County,27053026021,1,1,"4,313",2.1,"2,077.50"
27053,MN,Hennepin County,27053026022,1,1,"6,970",3.3,"2,116.00"
27053,MN,Hennepin County,27053026101,1,1,"3,204",1.7,"1,902.00"
27053,MN,Hennepin County,27053026103,1,1,"2,702",1.7,"1,555.70"
27053,MN,Hennepin County,27053026104,1,1,"3,717",2,"1,818.50"
27053,MN,Hennepin County,27053026201,1,1,"3,113",1.9,"1,652.10"
27053,MN,Hennepin County,27053026202,1,1,"2,836",1.6,"1,804.10"
27053,MN,Hennepin County,27053026205,1,1,"3,162",1.3,"2,441.70"
27053,MN,Hennepin County,27053026206,1,1,"3,118",1.4,"2,298.30"
27053,MN,Hennepin County,27053026207,1,1,"3,981",1.8,"2,236.90"
27053,MN,Hennepin County,27053026208,1,1,"3,053",2.1,"1,460.70"
27053,MN,Hennepin County,27053026301,1,1,"3,458",2.8,"1,214.60"
27053,MN,Hennepin County,27053026302,1,1,"3,230",2.1,"1,573.60"
27053,MN,Hennepin County,27053026402,1,1,"5,937",1.8,"3,343.50"
27053,MN,Hennepin County,27053026403,1,1,"2,930",1.3,"2,332.50"
27053,MN,Hennepin County,27053026404,1,1,"5,293",3.6,"1,490.90"
27053,MN,Hennepin County,27053026505,1,1,"3,472",1.2,"2,869.00"
27053,MN,Hennepin County,27053026507,1,1,"4,748",2.7,"1,728.90"
27053,MN,Hennepin County,27053026508,1,1,"5,060",2.5,"2,011.40"
27053,MN,Hennepin County,27053026509,1,1,"4,642",1.7,"2,738.80"
27053,MN,Hennepin County,27053026510,1,1,"3,515",1.1,"3,209.90"
27053,MN,Hennepin County,27053026511,1,1,"3,500",0.7,"4,753.80"
27053,MN,Hennepin County,27053026512,1,1,"6,074",2.6,"2,346.90"
27053,MN,Hennepin County,27053026514,1,1,"4,587",3.5,"1,298.70"
27053,MN,Hennepin County,27053026605,1,1,"3,514",1.6,"2,134.60"
27053,MN,Hennepin County,27053026606,1,1,"4,835",1.9,"2,570.50"
27053,MN,Hennepin County,27053026609,1,1,"2,961",1.5,"1,911.20"
27053,MN,Hennepin County,27053026610,1,1,"4,678",1.7,"2,719.50"
27053,MN,Hennepin County,27053026611,1,1,"4,617",1.4,"3,338.40"
27053,MN,Hennepin County,27053026612,1,1,"8,568",3.6,"2,413.20"
27053,MN,Hennepin County,27053026613,1,1,"6,176",5,"1,232.00"
27053,MN,Hennepin County,27053026702,1,1,"2,430",0.7,"3,249.80"
27053,MN,Hennepin County,27053026706,1,1,"3,476",0.9,"3,683.10"
27053,MN,Hennepin County,27053026707,1,1,"4,843",4.4,"1,098.10"
27053,MN,Hennepin County,27053026708,1,1,"5,451",4,"1,362.90"
27053,MN,Hennepin County,27053026710,1,1,"7,749",5.8,"1,331.40"
27053,MN,Hennepin County,27053026711,1,1,"2,940",1,"2,867.60"
27053,MN,Hennepin County,27053026712,1,1,"3,203",1.2,"2,753.30"
27053,MN,Hennepin County,27053026713,1,1,"4,171",1.6,"2,578.20"
27053,MN,Hennepin County,27053026714,1,1,"9,545",5,"1,912.80"
27053,MN,Hennepin County,27053026715,1,1,"12,453",5.7,"2,201.50"
27053,MN,Hennepin County,27053026716,1,1,"7,713",3,"2,598.90"
27053,MN,Hennepin County,27053026807,1,1,"5,238",3.2,"1,629.50"
27053,MN,Hennepin County,27053026809,1,1,"5,039",0.7,"6,782.60"
27053,MN,Hennepin County,27053026810,1,1,"6,098",1.1,"5,801.00"
27053,MN,Hennepin County,27053026811,1,1,"5,651",1.5,"3,680.20"
27053,MN,Hennepin County,27053026812,1,1,"5,401",5.9,922
27053,MN,Hennepin County,27053026814,1,1,"6,475",1.4,"4,613.70"
27053,MN,Hennepin County,27053026815,1,1,"5,136",1.5,"3,397.20"
27053,MN,Hennepin County,27053026816,1,1,"6,261",1.6,"3,930.80"
27053,MN,Hennepin County,27053026818,1,1,"4,566",1.1,"4,164.50"
27053,MN,Hennepin County,27053026819,1,1,"4,498",0.4,"10,023.60"
27053,MN,Hennepin County,27053026820,1,1,"12,114",4.5,"2,690.70"
27053,MN,Hennepin County,27053026822,1,1,"5,053",1.9,"2,722.50"
27053,MN,Hennepin County,27053026823,1,1,"4,251",1.3,"3,373.70"
27053,MN,Hennepin County,27053026903,1,1,"4,193",1.7,"2,499.50"
27053,MN,Hennepin County,27053026906,1,1,"7,195",2.3,"3,141.60"
27053,MN,Hennepin County,27053026907,1,1,"5,409",2.7,"1,999.90"
27053,MN,Hennepin County,27053026908,1,1,"6,292",1.5,"4,208.20"
27053,MN,Hennepin County,27053026909,1,1,"11,806",27.6,428.5
27053,MN,Hennepin County,27053026910,1,1,"4,617",23.2,199
27053,MN,Hennepin County,27053027001,2,2,"3,203",20.7,154.6
27053,MN,Hennepin County,27053027002,2,2,"5,272",33.5,157.5
27053,MN,Hennepin County,27053027101,1,1,"5,542",25.7,215.3
27053,MN,Hennepin County,27053027102,2,2,"5,402",35.8,151.1
27053,MN,Hennepin County,27053027201,1,1,"6,166",14.7,418.8
27053,MN,Hennepin County,27053027202,1,1,"1,723",0.8,"2,142.30"
27053,MN,Hennepin County,27053027203,1,1,"3,524",2.1,"1,671.10"
27053,MN,Hennepin County,27053027300,1,1,"3,688",3.1,"1,196.60"
27053,MN,Hennepin County,27053027400,1,1,"4,079",2.9,"1,384.10"
27053,MN,Hennepin County,27053027501,1,1,"4,384",1.9,"2,267.80"
27053,MN,Hennepin County,27053027503,1,1,"4,079",3.2,"1,260.20"
27053,MN,Hennepin County,27053027504,1,1,"3,195",2.1,"1,533.00"
27053,MN,Hennepin County,27053027601,1,1,"3,755",1,"3,658.00"
27053,MN,Hennepin County,27053027602,1,1,"5,297",1.8,"2,897.70"
27053,MN,Hennepin County,27053027700,1,1,"8,667",26.9,322.5
27053,MN,Hennepin County,27053100200,1,1,"3,543",0.6,"5,982.40"
27053,MN,Hennepin County,27053100400,1,1,"2,961",0.7,"4,160.90"
27053,MN,Hennepin County,27053100500,1,1,"1,921",1.2,"1,644.10"
27053,MN,Hennepin County,27053100700,1,1,"3,025",0.4,"8,100.00"
27053,MN,Hennepin County,27053100800,1,1,"3,846",0.4,"9,181.40"
27053,MN,Hennepin County,27053100900,1,1,"4,630",0.7,"6,643.40"
27053,MN,Hennepin County,27053101200,1,1,"4,649",0.6,"7,378.30"
27053,MN,Hennepin County,27053101300,1,1,"1,604",0.2,"8,953.00"
27053,MN,Hennepin County,27053101600,1,1,"2,437",0.5,"5,332.90"
27053,MN,Hennepin County,27053101800,1,1,"3,828",0.5,"8,388.20"
27053,MN,Hennepin County,27053101900,1,1,"2,841",0.2,"11,425.50"
27053,MN,Hennepin County,27053102000,1,1,"2,229",0.3,"6,886.30"
27053,MN,Hennepin County,27053102100,1,1,"2,260",0.3,"8,117.60"
27053,MN,Hennepin County,27053102300,1,1,"1,347",0.5,"2,488.30"
27053,MN,Hennepin County,27053102500,1,1,"2,813",0.4,"7,681.90"
27053,MN,Hennepin County,27053102600,1,1,"1,920",1,"2,015.20"
27053,MN,Hennepin County,27053102800,1,1,"2,835",0.3,"8,532.90"
27053,MN,Hennepin County,27053102900,1,1,"1,148",0.2,"5,142.10"
27053,MN,Hennepin County,27053103000,1,1,"1,468",0.3,"4,484.90"
27053,MN,Hennepin County,27053103100,1,1,"2,038",0.2,"10,085.50"
27053,MN,Hennepin County,27053103400,1,1,"2,665",0.4,"7,156.30"
27053,MN,Hennepin County,27053103600,1,1,"2,084",0.3,"6,904.80"
27053,MN,Hennepin County,27053103700,1,1,"3,015",0.3,"9,531.60"
27053,MN,Hennepin County,27053103900,1,1,"2,232",0.1,"21,435.70"
27053,MN,Hennepin County,27053104000,1,1,"6,489",2.2,"2,978.90"
27053,MN,Hennepin County,27053104100,1,1,"3,211",0.6,"5,765.00"
27053,MN,Hennepin County,27053104400,1,1,"2,097",0.3,"6,869.10"
27053,MN,Hennepin County,27053104800,1,1,"8,094",0.5,"15,398.80"
27053,MN,Hennepin County,27053104900,1,1,"9,980",0.9,"11,413.90"
27053,MN,Hennepin County,27053105100,1,1,"2,651",1.2,"2,236.20"
27053,MN,Hennepin County,27053105201,1,1,"2,717",0.2,"14,864.00"
27053,MN,Hennepin County,27053105204,1,1,"2,293",0.2,"14,058.30"
27053,MN,Hennepin County,27053105400,1,1,"3,527",0.2,"16,603.70"
27053,MN,Hennepin County,27053105500,1,1,"3,733",0.6,"6,413.30"
27053,MN,Hennepin County,27053105600,1,1,"3,971",0.2,"21,533.90"
27053,MN,Hennepin County,27053105700,1,1,"2,725",0.1,"25,732.80"
27053,MN,Hennepin County,27053106000,1,1,"3,339",0.3,"12,520.30"
27053,MN,Hennepin County,27053106200,1,1,"3,499",0.3,"13,446.80"
27053,MN,Hennepin County,27053106400,1,1,"1,821",0.2,"8,860.50"
27053,MN,Hennepin County,27053106500,1,1,"4,366",1,"4,241.90"
27053,MN,Hennepin County,27053106600,1,1,"2,332",0.2,"9,941.30"
27053,MN,Hennepin County,27053106700,1,1,"4,913",0.3,"17,095.70"
27053,MN,Hennepin County,27053106900,1,1,"2,724",0.2,"13,731.70"
27053,MN,Hennepin County,27053107000,1,1,"4,063",0.2,"21,964.30"
27053,MN,Hennepin County,27053107400,1,1,"1,726",0.3,"5,325.10"
27053,MN,Hennepin County,27053107500,1,1,"1,988",0.6,"3,432.20"
27053,MN,Hennepin County,27053107600,1,1,"3,503",0.6,"5,995.70"
27053,MN,Hennepin County,27053108000,1,1,"3,294",0.3,"12,462.50"
27053,MN,Hennepin County,27053108600,1,1,"2,880",0.3,"11,116.10"
27053,MN,Hennepin County,27053108700,1,1,"3,274",0.4,"7,612.10"
27053,MN,Hennepin County,27053108800,1,1,"3,786",0.5,"7,502.00"
27053,MN,Hennepin County,27053108900,1,1,"2,280",0.3,"7,426.10"
27053,MN,Hennepin County,27053109000,1,1,"1,745",0.3,"5,599.40"
27053,MN,Hennepin County,27053109100,1,1,"4,375",0.9,"4,775.90"
27053,MN,Hennepin County,27053109200,1,1,"3,414",0.2,"18,196.00"
27053,MN,Hennepin County,27053109300,1,1,"3,992",0.3,"12,038.60"
27053,MN,Hennepin County,27053109400,1,1,"2,161",0.2,"12,460.10"
27053,MN,Hennepin County,27053109700,1,1,"2,252",0.2,"11,170.90"
27053,MN,Hennepin County,27053109800,1,1,"4,038",0.6,"7,210.30"
27053,MN,Hennepin County,27053109900,1,1,"3,784",1,"3,790.60"
27053,MN,Hennepin County,27053110000,1,1,"1,673",0.2,"9,526.30"
27053,MN,Hennepin County,27053110100,1,1,"2,735",0.3,"8,239.70"
27053,MN,Hennepin County,27053110200,1,1,"3,522",0.5,"7,695.10"
27053,MN,Hennepin County,27053110400,1,1,"2,733",0.4,"7,031.00"
27053,MN,Hennepin County,27053110500,1,1,"4,694",1,"4,515.20"
27053,MN,Hennepin County,27053110800,1,1,"4,194",0.5,"8,402.50"
27053,MN,Hennepin County,27053110900,1,1,"3,374",0.4,"7,573.80"
27053,MN,Hennepin County,27053111100,1,1,"3,192",0.8,"3,895.50"
27053,MN,Hennepin County,27053111200,1,1,"2,900",0.4,"6,647.30"
27053,MN,Hennepin County,27053111300,1,1,"4,732",0.7,"6,900.40"
27053,MN,Hennepin County,27053111400,1,1,"3,916",0.6,"7,044.20"
27053,MN,Hennepin County,27053111500,1,1,"5,308",0.8,"6,381.50"
27053,MN,Hennepin County,27053111600,1,1,"3,014",0.5,"5,791.10"
27053,MN,Hennepin County,27053122500,1,1,"3,455",0.7,"4,825.40"
27053,MN,Hennepin County,27053122600,1,1,"2,165",0.5,"4,256.40"
27053,MN,Hennepin County,27053125500,1,1,"3,872",1.5,"2,512.40"
27053,MN,Hennepin County,27053125600,1,1,"2,898",0.9,"3,189.20"
27053,MN,Hennepin County,27053125700,1,1,"3,496",0.3,"10,313.90"
27053,MN,Hennepin County,27053125800,1,1,"4,782",0.4,"12,903.80"
27053,MN,Hennepin County,27053125900,1,1,"4,269",0.4,"10,650.30"
27053,MN,Hennepin County,27053126000,1,1,"4,727",0.4,"12,300.40"
27053,MN,Hennepin County,27053126100,1,1,"4,938",0.8,"6,559.00"
27053,MN,Hennepin County,27053126200,1,1,"4,291",0.8,"5,198.10"
27053,MN,Hennepin County,27053980000,1,1,278,6.6,42.2
27055,MN,Houston County,27055020100,1,1,"5,718",6.9,824
27055,MN,Houston County,27055020200,2,2,"3,587",136.3,26.3
27055,MN,Houston County,27055020300,10,10,"2,561",142.1,18
27055,MN,Houston County,27055020500,7,7.1,"3,278",14.6,225.2
27055,MN,Houston County,27055020900,10,10,"3,883",252.1,15.4
27057,MN,Hubbard County,27057070100,5,5,"4,711",273.1,17.2
27057,MN,Hubbard County,27057070200,8,8,"2,279",207.5,11
27057,MN,Hubbard County,27057070300,10,10,"1,937",159.5,12.1
27057,MN,Hubbard County,27057070400,10,10.3,"2,822",72.3,39
27057,MN,Hubbard County,27057070500,8,8,"2,948",83,35.5
27057,MN,Hubbard County,27057070600,7,7,"3,613",5.7,629.2
27057,MN,Hubbard County,27057070700,8,8,"2,118",124.5,17
27059,MN,Isanti County,27059130100,2,2,"3,513",127.8,27.5
27059,MN,Isanti County,27059130200,5,5,"3,464",42,82.4
27059,MN,Isanti County,27059130301,2,2,"8,442",17.6,480.8
27059,MN,Isanti County,27059130302,2,2,"2,829",13.6,207.5
27059,MN,Isanti County,27059130400,2,2,"3,914",81.8,47.8
27059,MN,Isanti County,27059130501,2,2,"5,323",62.2,85.5
27059,MN,Isanti County,27059130502,2,2,"6,434",14.3,449.8
27059,MN,Isanti County,27059130600,2,2,"3,897",76.5,51
27061,MN,Itasca County,27061480100,10,10,"2,649",689.4,3.8
27061,MN,Itasca County,27061480300,8,8,"4,339",157.7,27.5
27061,MN,Itasca County,27061480400,8,8,"3,594",673.6,5.3
27061,MN,Itasca County,27061480500,5,5,"2,544",70.2,36.2
27061,MN,Itasca County,27061480600,8,8,"2,864",282.3,10.1
27061,MN,Itasca County,27061480700,8,8,"5,066",198.4,25.5
27061,MN,Itasca County,27061480801,8,8,"2,412",18.3,131.6
27061,MN,Itasca County,27061480802,7,7,"6,046",12.9,467.9
27061,MN,Itasca County,27061480900,7,7,"6,850",50.3,136.2
27061,MN,Itasca County,27061481000,8,8,"6,053",144.4,41.9
27061,MN,Itasca County,27061940000,10,10,"2,641",370.2,7.1
27063,MN,Jackson County,27063480100,10,10,"2,276",341.1,6.7
27063,MN,Jackson County,27063480200,10,10,"2,293",245.6,9.3
27063,MN,Jackson County,27063480300,10,10,"2,351",106.5,22.1
27063,MN,Jackson County,27063480400,7,7,"3,346",9.8,341.4
27065,MN,Kanabec County,27065480100,9,9,"3,578",240,14.9
27065,MN,Kanabec County,27065480200,3,3,"3,834",149.5,25.6
27065,MN,Kanabec County,27065480300,7,7,"3,797",7.4,509.9
27065,MN,Kanabec County,27065480400,3,3,"5,030",124.7,40.4
27067,MN,Kandiyohi County,27067770900,4,4,"2,819",0.6,"4,730.70"
27067,MN,Kandiyohi County,27067780100,10,10,"2,581",129.3,20
27067,MN,Kandiyohi County,27067780200,5,5,"2,327",133.5,17.4
27067,MN,Kandiyohi County,27067780300,5,5,"4,189",27.4,152.6
27067,MN,Kandiyohi County,27067780400,5,5,"3,624",63.8,56.8
27067,MN,Kandiyohi County,27067780500,4,4,"5,081",9.2,551.6
27067,MN,Kandiyohi County,27067780600,4,4,"5,097",113.6,44.9
27067,MN,Kandiyohi County,27067780700,4,4,"4,025",4.9,816
27067,MN,Kandiyohi County,27067780800,4,4,"2,064",0.4,"4,797.00"
27067,MN,Kandiyohi County,27067781000,4,4,"4,791",2.8,"1,741.10"
27067,MN,Kandiyohi County,27067781100,5,5,"2,753",168.6,16.3
27067,MN,Kandiyohi County,27067781200,5,5,"2,888",142.5,20.3
27069,MN,Kittson County,27069090100,10,10,"2,503",605.3,4.1
27069,MN,Kittson County,27069090200,10,10,"2,049",493.5,4.2
27071,MN,Koochiching County,27071790100,7,7,"2,208",5,438.5
27071,MN,Koochiching County,27071790200,7,7,"5,476",10.9,503
27071,MN,Koochiching County,27071790300,8,8,"3,208",746.4,4.3
27071,MN,Koochiching County,27071790500,8,8,"2,419","2,341.80",1
27073,MN,Lac qui Parle County,27073180100,10,10,"2,325",155.7,14.9
27073,MN,Lac qui Parle County,27073180200,10,10,"1,899",407.6,4.7
27073,MN,Lac qui Parle County,27073180300,10,10,"3,035",201.8,15
27075,MN,Lake County,27075370100,9,9,"4,471","2,049.40",2.2
27075,MN,Lake County,27075370300,10,10,"2,432",52.8,46.1
27075,MN,Lake County,27075370400,7,7.1,"3,963",7.1,556.2
27075,MN,Lake County,27075990100,99,99,0,0,
27077,MN,Lake of the Woods County,27077460300,10,10,"1,694",244.5,6.9
27077,MN,Lake of the Woods County,27077460400,10,10,"2,351","1,053.40",2.2
27079,MN,Le Sueur County,27079950100,2,2,"7,001",145.5,48.1
27079,MN,Le Sueur County,27079950200,7,7,"4,526",26.9,168.5
27079,MN,Le Sueur County,27079950300,2,2,"4,351",83.9,51.8
27079,MN,Le Sueur County,27079950400,10,10,"3,838",54.8,70
27079,MN,Le Sueur County,27079950500,10,10,"4,130",69,59.8
27079,MN,Le Sueur County,27079950600,2,2,"3,857",68.6,56.2
27081,MN,Lincoln County,27081201001,10,10,"3,095",379.5,8.2
27081,MN,Lincoln County,27081201002,10,10,"2,801",157.2,17.8
27083,MN,Lyon County,27083360100,5,5,"3,726",147.4,25.3
27083,MN,Lyon County,27083360200,5,5,"3,307",276.1,12
27083,MN,Lyon County,27083360300,4,4,"5,275",3.6,"1,484.80"
27083,MN,Lyon County,27083360400,4,4,"4,095",6,685.8
27083,MN,Lyon County,27083360500,4,4,"4,387",7,626.7
27083,MN,Lyon County,27083360600,5,5,"2,933",270.6,10.8
27083,MN,Lyon County,27083360700,10,10,"2,134",4,535.8
27085,MN,McLeod County,27085950100,10,10,"5,454",73.6,74.1
27085,MN,McLeod County,27085950200,5,5,"4,191",121.8,34.4
27085,MN,McLeod County,27085950300,4,4,"5,920",9.2,641.8
27085,MN,McLeod County,27085950400,4,4,"7,810",5.1,"1,538.50"
27085,MN,McLeod County,27085950500,5,5,"2,926",144.1,20.3
27085,MN,McLeod County,27085950600,3,3,"4,609",128,36
27085,MN,McLeod County,27085950700,7,7,"5,741",9.7,593.2
27087,MN,Mahnomen County,27087940100,10,10,"2,946",219.4,13.4
27087,MN,Mahnomen County,27087940300,10,10,"2,467",338.5,7.3
27089,MN,Marshall County,27089080100,10,10,"2,325",732.3,3.2
27089,MN,Marshall County,27089080200,9,9,"2,247",444.2,5.1
27089,MN,Marshall County,27089080300,3,3,"2,310",416.8,5.5
27089,MN,Marshall County,27089080400,10,10,"2,557",181.8,14.1
27091,MN,Martin County,27091790100,10,10,"3,108",184.6,16.8
27091,MN,Martin County,27091790200,8,8,"2,587",177.1,14.6
27091,MN,Martin County,27091790300,8,8,"2,430",154.6,15.7
27091,MN,Martin County,27091790400,8,8,"1,939",172.6,11.2
27091,MN,Martin County,27091790500,7,7,"6,417",10.4,619
27091,MN,Martin County,27091790600,7,7,"4,359",13.1,331.8
27093,MN,Meeker County,27093560100,10,10,"5,021",101.6,49.4
27093,MN,Meeker County,27093560200,9,9,"5,058",145.2,34.8
27093,MN,Meeker County,27093560300,7,7,"3,804",3.7,"1,030.20"
27093,MN,Meeker County,27093560400,7,7,"3,206",10.1,318.6
27093,MN,Meeker County,27093560500,9,9,"3,270",181,18.1
27093,MN,Meeker County,27093560600,10,10,"2,941",166.7,17.6
27095,MN,Mille Lacs County,27095170400,3,3,"5,221",99.7,52.3
27095,MN,Mille Lacs County,27095170500,7,7,"4,465",36.8,121.4
27095,MN,Mille Lacs County,27095170600,2,2,"2,826",70.6,40
27095,MN,Mille Lacs County,27095170700,7,7.1,"5,675",9.9,572.6
27095,MN,Mille Lacs County,27095970100,10,10,"2,092",44,47.5
27095,MN,Mille Lacs County,27095970200,10,10,"3,123",93.1,33.5
27095,MN,Mille Lacs County,27095970300,10,10,"2,695",218.1,12.4
27097,MN,Morrison County,27097780100,10,10,"2,915",113.9,25.6
27097,MN,Morrison County,27097780200,8,8,"4,063",232.9,17.4
27097,MN,Morrison County,27097780300,8,8,"6,128",179.3,34.2
27097,MN,Morrison County,27097780400,10,10,"2,580",208.8,12.4
27097,MN,Morrison County,27097780500,10,10,"5,091",230.9,22.1
27097,MN,Morrison County,27097780600,7,7,"5,644",6.2,905
27097,MN,Morrison County,27097780700,7,7,"2,471",2.9,858.8
27097,MN,Morrison County,27097780800,10,10,"4,306",150.1,28.7
27099,MN,Mower County,27099000100,4,4,"2,035",8.9,229.1
27099,MN,Mower County,27099000200,4,4,"2,670",1.1,"2,412.40"
27099,MN,Mower County,27099000300,4,4,"4,881",0.9,"5,573.60"
27099,MN,Mower County,27099000410,4,4,"4,995",2.4,"2,045.20"
27099,MN,Mower County,27099000600,4,4,"3,070",1.1,"2,799.00"
27099,MN,Mower County,27099000800,4,4,"3,765",0.8,"4,602.00"
27099,MN,Mower County,27099000900,4,4,"4,231",7.7,546.5
27099,MN,Mower County,27099001000,5,5,"3,615",121.7,29.7
27099,MN,Mower County,27099001200,2,2,"1,960",144.8,13.5
27099,MN,Mower County,27099001300,10,10,"4,577",213,21.5
27099,MN,Mower County,27099001400,2,2,"3,364",208.8,16.1
27101,MN,Murray County,27101900100,10,10,"2,119",301.3,7
27101,MN,Murray County,27101900200,10,10,"3,246",215.4,15.1
27101,MN,Murray County,27101900300,10,10,"3,360",188,17.9
27103,MN,Nicollet County,27103480100,5,5,"3,414",202.1,16.9
27103,MN,Nicollet County,27103480200,2,2,"5,512",229.6,24
27103,MN,Nicollet County,27103480300,4,4,"4,588",3.9,"1,162.80"
27103,MN,Nicollet County,27103480400,4,4,"5,925",4.6,"1,299.30"
27103,MN,Nicollet County,27103480501,1,1,"6,559",3.9,"1,664.90"
27103,MN,Nicollet County,27103480502,1,1,"3,180",3.4,936.1
27103,MN,Nicollet County,27103480600,1,1,"3,549",0.9,"3,841.30"
27105,MN,Nobles County,27105105100,5,5,"2,889",290,10
27105,MN,Nobles County,27105105200,10,10,"3,165",222.8,14.2
27105,MN,Nobles County,27105105300,10,10.2,"2,353",181.7,13
27105,MN,Nobles County,27105105400,4,4,"4,550",9.7,467.7
27105,MN,Nobles County,27105105500,4,4,"3,580",6.6,546.4
27105,MN,Nobles County,27105105600,4,4,"4,841",4.4,"1,090.80"
27107,MN,Norman County,27107960100,10,10,"2,760",414.4,6.7
27107,MN,Norman County,27107960200,10,10.1,"1,901",319,6
27107,MN,Norman County,27107960300,10,10,"2,191",139.4,15.7
27109,MN,Olmsted County,27109000100,1,1,"1,385",0.3,"4,477.10"
27109,MN,Olmsted County,27109000200,1,1,"4,916",1.4,"3,556.20"
27109,MN,Olmsted County,27109000300,1,1,"3,299",0.6,"5,390.80"
27109,MN,Olmsted County,27109000400,1,1,"3,045",1,"2,928.10"
27109,MN,Olmsted County,27109000500,1,1,"2,804",0.6,"4,830.80"
27109,MN,Olmsted County,27109000600,1,1,"4,469",1.3,"3,496.90"
27109,MN,Olmsted County,27109000901,1,1,"5,478",6.8,805.2
27109,MN,Olmsted County,27109000902,1,1,"3,372",3.9,856.4
27109,MN,Olmsted County,27109000903,2,2,"3,117",29,107.6
27109,MN,Olmsted County,27109001000,1,1,"4,766",2,"2,425.50"
27109,MN,Olmsted County,27109001100,1,1,"3,200",1.7,"1,888.60"
27109,MN,Olmsted County,27109001201,1,1,"4,491",1.9,"2,310.50"
27109,MN,Olmsted County,27109001202,1,1,"3,602",2.2,"1,638.90"
27109,MN,Olmsted County,27109001203,1,1,"4,885",22,222.5
27109,MN,Olmsted County,27109001301,1,1,"4,426",2.1,"2,157.30"
27109,MN,Olmsted County,27109001302,1,1,"4,382",1.7,"2,560.90"
27109,MN,Olmsted County,27109001401,1,1,"4,450",2.9,"1,513.10"
27109,MN,Olmsted County,27109001402,1,1,"11,535",10.5,"1,094.20"
27109,MN,Olmsted County,27109001501,1,1,"2,805",0.7,"4,271.90"
27109,MN,Olmsted County,27109001502,1,1,"2,256",0.5,"4,711.20"
27109,MN,Olmsted County,27109001503,1,1,"2,299",0.6,"3,640.20"
27109,MN,Olmsted County,27109001601,1,1,"4,376",1.2,"3,526.20"
27109,MN,Olmsted County,27109001602,1,1,"2,994",1,"2,949.10"
27109,MN,Olmsted County,27109001603,1,1,"3,539",24.4,144.9
27109,MN,Olmsted County,27109001701,1,1,"4,512",0.9,"5,110.20"
27109,MN,Olmsted County,27109001702,1,1,"4,430",1.1,"4,215.40"
27109,MN,Olmsted County,27109001703,1,1,"4,942",5.6,883.6
27109,MN,Olmsted County,27109001800,2,2,"4,891",4.5,"1,096.80"
27109,MN,Olmsted County,27109001900,2,2,"6,948",137,50.7
27109,MN,Olmsted County,27109002000,2,2,"6,645",214.4,31
27109,MN,Olmsted County,27109002100,2,2,"6,105",11.9,511.9
27109,MN,Olmsted County,27109002200,2,2,"3,804",142.3,26.7
27109,MN,Olmsted County,27109002300,1,1,"6,080",15.5,392.6
27111,MN,Otter Tail County,27111960102,9,9,"2,611",172,15.2
27111,MN,Otter Tail County,27111960103,9,9,"2,178",81,26.9
27111,MN,Otter Tail County,27111960300,10,10,"3,420",70.9,48.3
27111,MN,Otter Tail County,27111960400,10,10,"2,220",74.4,29.8
27111,MN,Otter Tail County,27111960500,7,7,"4,894",127.9,38.3
27111,MN,Otter Tail County,27111960600,10,10,"4,327",139.6,31
27111,MN,Otter Tail County,27111960700,6,6,"2,587",152,17
27111,MN,Otter Tail County,27111960800,5,5,"3,087",181.5,17
27111,MN,Otter Tail County,27111960900,4,4,"5,383",13.6,396.2
27111,MN,Otter Tail County,27111961000,4,4,"4,745",11.4,415.4
27111,MN,Otter Tail County,27111961100,4,4,"4,403",10.8,409.2
27111,MN,Otter Tail County,27111961200,5,5,"2,314",53.3,43.4
27111,MN,Otter Tail County,27111961300,10,10,"3,970",194,20.5
27111,MN,Otter Tail County,27111961400,10,10,"2,373",85,27.9
27111,MN,Otter Tail County,27111961500,5,5,"3,239",236,13.7
27111,MN,Otter Tail County,27111961600,5,5,"2,285",160.6,14.2
27111,MN,Otter Tail County,27111961700,5,5,"3,267",208.1,15.7
27113,MN,Pennington County,27113090100,8,8,"2,382",371.5,6.4
27113,MN,Pennington County,27113090200,7,7,"2,598",3.9,668.2
27113,MN,Pennington County,27113090300,8,8,"2,079",232.2,9
27113,MN,Pennington County,27113090400,7,7,"3,040",5.3,578.7
27113,MN,Pennington County,27113090500,7,7,"3,831",3.7,"1,030.30"
27115,MN,Pine County,27115950100,8,8,"2,493",346.1,7.2
27115,MN,Pine County,27115950200,8,8,"2,932",146.6,20
27115,MN,Pine County,27115950300,10,10,"2,838",157,18.1
27115,MN,Pine County,27115950400,10,10,"5,047",356.2,14.2
27115,MN,Pine County,27115950500,10,10,"5,061",162.5,31.1
27115,MN,Pine County,27115950600,9,9,"4,308",155,27.8
27115,MN,Pine County,27115950700,7,7,"3,598",8.9,402.1
27115,MN,Pine County,27115950800,2,2,"3,473",78.9,44
27117,MN,Pipestone County,27117460100,10,10.3,"1,643",234.4,7
27117,MN,Pipestone County,27117460200,7,7,"1,834",4,461.3
27117,MN,Pipestone County,27117460300,7,7,"2,510",3.5,718.8
27117,MN,Pipestone County,27117460400,8,8,"1,714",144.1,11.9
27117,MN,Pipestone County,27117460500,10,10,"1,895",79,24
27119,MN,Polk County,27119020100,1,1,"4,735",5.4,883.1
27119,MN,Polk County,27119020200,1,1,"1,268",3.9,327.8
27119,MN,Polk County,27119020300,1,1,"2,835",4.1,685.7
27119,MN,Polk County,27119020400,2,2,"2,171",590.5,3.7
27119,MN,Polk County,27119020500,8,8.1,"2,778",482.6,5.8
27119,MN,Polk County,27119020600,7,7,"5,693",8.2,691.2
27119,MN,Polk County,27119020700,7,7,"2,446",5.2,470.8
27119,MN,Polk County,27119020800,10,10,"2,206",250.1,8.8
27119,MN,Polk County,27119020900,10,10,"3,876",306.4,12.7
27119,MN,Polk County,27119021000,10,10,"3,592",314.8,11.4
27121,MN,Pope County,27121970100,6,6,"2,373",234.5,10.1
27121,MN,Pope County,27121970200,10,10,"2,797",83.1,33.7
27121,MN,Pope County,27121970300,10,10,"2,501",341,7.3
27121,MN,Pope County,27121970400,10,10,"3,324",11.1,298.8
27123,MN,Ramsey County,27123030100,1,1,"4,483",1.1,"4,236.50"
27123,MN,Ramsey County,27123030201,1,1,"5,168",0.6,"8,553.50"
27123,MN,Ramsey County,27123030202,1,1,"2,039",0.9,"2,271.00"
27123,MN,Ramsey County,27123030300,1,1,"5,650",1.1,"5,333.70"
27123,MN,Ramsey County,27123030400,1,1,"5,764",0.8,"7,135.70"
27123,MN,Ramsey County,27123030500,1,1,"5,877",1,"5,952.30"
27123,MN,Ramsey County,27123030601,1,1,"5,905",0.6,"10,084.80"
27123,MN,Ramsey County,27123030602,1,1,"4,071",0.8,"5,042.50"
27123,MN,Ramsey County,27123030702,1,1,"4,797",0.9,"5,167.00"
27123,MN,Ramsey County,27123030703,1,1,"3,686",0.5,"7,648.60"
27123,MN,Ramsey County,27123030704,1,1,"4,257",0.5,"8,611.00"
27123,MN,Ramsey County,27123030800,1,1,"4,848",0.6,"7,969.90"
27123,MN,Ramsey County,27123030900,1,1,"3,655",0.4,"10,224.10"
27123,MN,Ramsey County,27123031000,1,1,"4,258",0.4,"10,621.20"
27123,MN,Ramsey County,27123031100,1,1,"3,750",0.6,"6,817.30"
27123,MN,Ramsey County,27123031200,1,1,"2,815",0.5,"5,219.00"
27123,MN,Ramsey County,27123031300,1,1,"2,304",0.4,"5,432.50"
27123,MN,Ramsey County,27123031400,1,1,"2,866",0.6,"4,716.60"
27123,MN,Ramsey County,27123031500,1,1,"2,730",0.4,"7,190.70"
27123,MN,Ramsey County,27123031600,1,1,"4,011",0.4,"9,435.30"
27123,MN,Ramsey County,27123031701,1,1,"2,754",0.3,"8,001.50"
27123,MN,Ramsey County,27123031702,1,1,"6,068",0.7,"9,208.00"
27123,MN,Ramsey County,27123031801,1,1,"4,668",0.6,"8,485.90"
27123,MN,Ramsey County,27123031802,1,1,"3,730",0.7,"5,104.70"
27123,MN,Ramsey County,27123031900,1,1,"2,194",1.4,"1,550.70"
27123,MN,Ramsey County,27123032000,1,1,"2,713",0.4,"7,093.10"
27123,MN,Ramsey County,27123032100,1,1,"3,053",0.4,"8,043.00"
27123,MN,Ramsey County,27123032200,1,1,"2,510",0.3,"9,007.50"
27123,MN,Ramsey County,27123032300,1,1,"3,219",0.4,"7,525.80"
27123,MN,Ramsey County,27123032400,1,1,"2,817",0.4,"6,734.40"
27123,MN,Ramsey County,27123032500,1,1,"4,101",0.3,"13,170.20"
27123,MN,Ramsey County,27123032600,1,1,"3,235",0.3,"9,568.70"
27123,MN,Ramsey County,27123032700,1,1,"2,584",0.3,"8,950.60"
27123,MN,Ramsey County,27123033000,1,1,"2,365",0.6,"3,963.40"
27123,MN,Ramsey County,27123033100,1,1,"1,496",0.4,"4,217.60"
27123,MN,Ramsey County,27123033200,1,1,"2,745",0.7,"3,726.50"
27123,MN,Ramsey County,27123033300,1,1,"3,183",0.4,"7,981.30"
27123,MN,Ramsey County,27123033400,1,1,"3,078",0.8,"3,985.40"
27123,MN,Ramsey County,27123033500,1,1,"3,252",0.4,"8,598.60"
27123,MN,Ramsey County,27123033600,1,1,"1,507",0.2,"8,133.40"
27123,MN,Ramsey County,27123033700,1,1,"1,599",0.2,"7,980.80"
27123,MN,Ramsey County,27123033800,1,1,"1,683",0.2,"10,414.90"
27123,MN,Ramsey County,27123033900,1,1,"1,436",0.2,"8,537.50"
27123,MN,Ramsey County,27123034000,1,1,"1,661",0.2,"10,679.10"
27123,MN,Ramsey County,27123034201,1,1,"1,818",0.4,"4,839.80"
27123,MN,Ramsey County,27123034202,1,1,"4,786",0.2,"19,652.70"
27123,MN,Ramsey County,27123034400,1,1,"2,117",0.6,"3,630.50"
27123,MN,Ramsey County,27123034500,1,1,"3,884",0.4,"10,550.90"
27123,MN,Ramsey County,27123034601,1,1,"4,595",0.8,"5,959.60"
27123,MN,Ramsey County,27123034602,1,1,"4,133",0.6,"6,809.00"
27123,MN,Ramsey County,27123034701,1,1,"3,981",0.7,"5,999.20"
27123,MN,Ramsey County,27123034702,1,1,"3,889",0.6,"6,466.10"
27123,MN,Ramsey County,27123034900,1,1,"5,143",0.4,"11,785.80"
27123,MN,Ramsey County,27123035000,1,1,"2,579",0.3,"8,466.80"
27123,MN,Ramsey County,27123035100,1,1,"3,440",0.4,"9,775.70"
27123,MN,Ramsey County,27123035200,1,1,"3,307",0.4,"7,757.20"
27123,MN,Ramsey County,27123035300,1,1,"3,832",0.5,"7,725.80"
27123,MN,Ramsey County,27123035500,1,1,"2,228",0.2,"13,050.60"
27123,MN,Ramsey County,27123035700,1,1,"2,530",0.3,"8,522.20"
27123,MN,Ramsey County,27123035800,1,1,"2,880",0.4,"7,919.80"
27123,MN,Ramsey County,27123035900,1,1,"1,046",0.2,"6,098.40"
27123,MN,Ramsey County,27123036000,1,1,"2,350",0.5,"4,300.10"
27123,MN,Ramsey County,27123036100,1,1,"1,671",1.9,899.6
27123,MN,Ramsey County,27123036300,1,1,"3,826",0.5,"7,678.30"
27123,MN,Ramsey County,27123036400,1,1,"3,952",0.5,"7,894.60"
27123,MN,Ramsey County,27123036500,1,1,"3,804",0.5,"7,598.40"
27123,MN,Ramsey County,27123036600,1,1,"4,345",0.8,"5,433.30"
27123,MN,Ramsey County,27123036700,1,1,"4,222",1.2,"3,638.40"
27123,MN,Ramsey County,27123036800,1,1,"2,304",0.4,"5,729.20"
27123,MN,Ramsey County,27123036900,1,1,"2,022",0.5,"3,770.60"
27123,MN,Ramsey County,27123037000,1,1,"2,755",0.6,"4,514.90"
27123,MN,Ramsey County,27123037100,1,1,"4,760",0.9,"5,330.50"
27123,MN,Ramsey County,27123037200,1,1,"5,773",0.8,"7,499.70"
27123,MN,Ramsey County,27123037402,1,1,"3,708",0.8,"4,492.20"
27123,MN,Ramsey County,27123037403,1,1,"6,285",2.2,"2,911.00"
27123,MN,Ramsey County,27123037500,1,1,"5,048",1.4,"3,669.20"
27123,MN,Ramsey County,27123037601,1,1,"3,915",1.1,"3,497.40"
27123,MN,Ramsey County,27123037602,1,1,"4,857",1.2,"3,955.70"
27123,MN,Ramsey County,27123040100,1,1,"6,991",5.1,"1,358.60"
27123,MN,Ramsey County,27123040200,1,1,"1,742",0.9,"2,009.10"
27123,MN,Ramsey County,27123040301,1,1,"1,742",0.6,"2,704.50"
27123,MN,Ramsey County,27123040302,1,1,"5,225",1.3,"4,158.00"
27123,MN,Ramsey County,27123040401,1,1,"3,373",1,"3,517.10"
27123,MN,Ramsey County,27123040402,1,1,"5,320",2.2,"2,404.10"
27123,MN,Ramsey County,27123040502,1,1,"2,601",0.8,"3,330.30"
27123,MN,Ramsey County,27123040503,1,1,"3,249",2.6,"1,235.00"
27123,MN,Ramsey County,27123040504,1,1,"3,943",1.2,"3,155.80"
27123,MN,Ramsey County,27123040601,1,1,"5,016",7.6,660.8
27123,MN,Ramsey County,27123040603,1,1,"5,252",2.3,"2,287.70"
27123,MN,Ramsey County,27123040604,1,1,"7,053",4.5,"1,573.70"
27123,MN,Ramsey County,27123040703,1,1,"6,734",2.4,"2,839.60"
27123,MN,Ramsey County,27123040704,1,1,"5,410",2.6,"2,049.80"
27123,MN,Ramsey County,27123040705,1,1,"4,001",2.1,"1,895.70"
27123,MN,Ramsey County,27123040706,1,1,"4,832",2.1,"2,300.00"
27123,MN,Ramsey County,27123040707,1,1,"4,066",1.6,"2,622.50"
27123,MN,Ramsey County,27123040801,1,1,"3,000",5.5,547.6
27123,MN,Ramsey County,27123040802,1,1,"1,778",0.3,"5,771.30"
27123,MN,Ramsey County,27123040803,1,1,"4,774",2.8,"1,695.10"
27123,MN,Ramsey County,27123040901,1,1,"2,076",1.1,"1,850.90"
27123,MN,Ramsey County,27123040902,1,1,"3,860",1.2,"3,130.20"
27123,MN,Ramsey County,27123041001,1,1,"3,252",1,"3,199.10"
27123,MN,Ramsey County,27123041002,1,1,"3,145",0.9,"3,540.20"
27123,MN,Ramsey County,27123041103,1,1,"3,070",0.6,"5,567.80"
27123,MN,Ramsey County,27123041104,1,1,"3,081",0.7,"4,398.60"
27123,MN,Ramsey County,27123041105,1,1,"5,151",2.4,"2,144.70"
27123,MN,Ramsey County,27123041106,1,1,"3,697",0.9,"3,913.90"
27123,MN,Ramsey County,27123041107,1,1,"5,521",1.4,"4,024.90"
27123,MN,Ramsey County,27123041200,1,1,"4,006",1,"3,873.70"
27123,MN,Ramsey County,27123041301,1,1,"3,357",1.5,"2,302.10"
27123,MN,Ramsey County,27123041302,1,1,"3,935",3.5,"1,138.20"
27123,MN,Ramsey County,27123041400,1,1,"5,383",1.5,"3,546.10"
27123,MN,Ramsey County,27123041500,1,1,"4,859",1.7,"2,923.40"
27123,MN,Ramsey County,27123041601,1,1,"5,951",1.6,"3,647.70"
27123,MN,Ramsey County,27123041602,1,1,"3,647",1,"3,597.20"
27123,MN,Ramsey County,27123041700,1,1,"2,862",1.2,"2,310.30"
27123,MN,Ramsey County,27123041800,1,1,"3,666",1,"3,589.80"
27123,MN,Ramsey County,27123041900,1,1,"3,394",0.9,"3,904.30"
27123,MN,Ramsey County,27123042001,1,1,"1,927",1.4,"1,411.80"
27123,MN,Ramsey County,27123042002,1,1,"2,379",0.4,"5,669.90"
27123,MN,Ramsey County,27123042101,1,1,"5,297",1.9,"2,741.40"
27123,MN,Ramsey County,27123042102,1,1,"4,456",1.9,"2,332.70"
27123,MN,Ramsey County,27123042201,1,1,"1,432",0.7,"1,995.50"
27123,MN,Ramsey County,27123042202,1,1,"5,162",1.6,"3,329.30"
27123,MN,Ramsey County,27123042301,1,1,"2,949",2,"1,456.50"
27123,MN,Ramsey County,27123042302,1,1,"4,442",1.7,"2,640.40"
27123,MN,Ramsey County,27123042401,1,1,"5,767",2.5,"2,296.30"
27123,MN,Ramsey County,27123042402,1,1,"5,753",2.4,"2,406.50"
27123,MN,Ramsey County,27123042501,1,1,"4,987",2.3,"2,205.70"
27123,MN,Ramsey County,27123042503,1,1,"3,198",1.9,"1,647.00"
27123,MN,Ramsey County,27123042504,1,1,"4,190",2,"2,133.30"
27123,MN,Ramsey County,27123042601,1,1,"4,295",1,"4,351.50"
27123,MN,Ramsey County,27123042602,1,1,"2,094",0.6,"3,232.80"
27123,MN,Ramsey County,27123042700,1,1,"5,229",1.3,"4,006.50"
27123,MN,Ramsey County,27123042800,1,1,"2,446",0.6,"3,960.10"
27123,MN,Ramsey County,27123042900,1,1,"3,771",0.5,"8,064.30"
27123,MN,Ramsey County,27123043000,1,1,"6,481",1.3,"5,069.80"
27123,MN,Ramsey County,27123980000,99,99,0,3,0
27125,MN,Red Lake County,27125010100,10,10,"1,868",289.5,6.5
27125,MN,Red Lake County,27125010200,10,10,"2,221",142.9,15.5
27127,MN,Redwood County,27127750100,10,10,"2,783",208.7,13.3
27127,MN,Redwood County,27127750200,7,7,"3,300",10.2,324.6
27127,MN,Redwood County,27127750300,7,7,"2,208",4.1,539.4
27127,MN,Redwood County,27127750400,10,10.3,"3,022",296.8,10.2
27127,MN,Redwood County,27127750500,10,10,"2,946",252.7,11.7
27127,MN,Redwood County,27127750600,10,10,"1,800",106.1,17
27129,MN,Renville County,27129790100,10,10,"2,908",146.9,19.8
27129,MN,Renville County,27129790200,10,10,"1,958",177.7,11
27129,MN,Renville County,27129790300,10,10,"1,921",230.2,8.3
27129,MN,Renville County,27129790400,10,10,"2,729",175.8,15.5
27129,MN,Renville County,27129790500,10,10,"3,315",41.9,79.1
27129,MN,Renville County,27129790600,10,10,"2,899",210.4,13.8
27131,MN,Rice County,27131070100,2,2,"6,614",68.8,96.2
27131,MN,Rice County,27131070200,2,2,"5,314",141.8,37.5
27131,MN,Rice County,27131070300,5,5,"4,606",94.3,48.8
27131,MN,Rice County,27131070400,5,5,"4,448",163.4,27.2
27131,MN,Rice County,27131070501,4,4,"3,898",1.4,"2,705.50"
27131,MN,Rice County,27131070503,4,4,"3,181",1.4,"2,197.50"
27131,MN,Rice County,27131070504,4,4,"3,552",1.5,"2,443.40"
27131,MN,Rice County,27131070601,4,4,"4,191",1.1,"3,914.00"
27131,MN,Rice County,27131070602,4,4,"4,854",5.9,820.9
27131,MN,Rice County,27131070700,4,4,"7,194",7.1,"1,018.90"
27131,MN,Rice County,27131070800,4,4,"7,296",3.5,"2,062.60"
27131,MN,Rice County,27131070901,4,4,"5,541",4.1,"1,361.80"
27131,MN,Rice County,27131070902,4,4,"3,453",1.4,"2,503.90"
27133,MN,Rock County,27133570100,2,2,"2,490",311.8,8
27133,MN,Rock County,27133570200,7,7,"3,965",5,795.9
27133,MN,Rock County,27133570300,10,10.1,"3,232",165.7,19.5
27135,MN,Roseau County,27135970100,10,10,"4,049",170.4,23.8
27135,MN,Roseau County,27135970200,8,8,"2,160",534.4,4
27135,MN,Roseau County,27135970300,7,7,"3,826",75.9,50.4
27135,MN,Roseau County,27135970400,8,8,"3,755",531.3,7.1
27135,MN,Roseau County,27135970500,10,10,"1,839",359.6,5.1
27137,MN,St. Louis County,27137000100,1,1,"4,428",6.2,717.4
27137,MN,St. Louis County,27137000200,1,1,"4,242",10.8,392.6
27137,MN,St. Louis County,27137000300,1,1,"7,521",16.7,451.3
27137,MN,St. Louis County,27137000400,1,1,"5,455",7.5,728.9
27137,MN,St. Louis County,27137000500,1,1,"3,422",1.8,"1,854.40"
27137,MN,St. Louis County,27137000600,1,1,"5,043",1.5,"3,392.80"
27137,MN,St. Louis County,27137000700,1,1,"2,825",1.6,"1,738.10"
27137,MN,St. Louis County,27137000900,1,1,"3,737",1,"3,757.90"
27137,MN,St. Louis County,27137001000,1,1,"2,234",0.3,"6,891.80"
27137,MN,St. Louis County,27137001100,1,1,"1,328",0.4,"3,494.00"
27137,MN,St. Louis County,27137001200,1,1,"1,637",0.1,"11,149.20"
27137,MN,St. Louis County,27137001300,1,1,"1,812",0.2,"9,530.00"
27137,MN,St. Louis County,27137001400,1,1,"2,602",0.2,"10,614.50"
27137,MN,St. Louis County,27137001600,1,1,"1,512",0.2,"8,790.80"
27137,MN,St. Louis County,27137001700,1,1,"1,454",0.3,"5,184.80"
27137,MN,St. Louis County,27137001800,1,1,"1,839",0.5,"3,757.60"
27137,MN,St. Louis County,27137001900,1,1,"1,917",0.6,"3,402.10"
27137,MN,St. Louis County,27137002000,1,1,"1,225",0.4,"2,804.70"
27137,MN,St. Louis County,27137002200,1,1,"1,282",0.9,"1,374.70"
27137,MN,St. Louis County,27137002300,1,1,"4,163",2.9,"1,428.10"
27137,MN,St. Louis County,27137002400,1,1,"1,099",0.3,"3,535.40"
27137,MN,St. Louis County,27137002600,1,1,"2,123",0.8,"2,701.60"
27137,MN,St. Louis County,27137002900,1,1,"1,636",1.9,866.2
27137,MN,St. Louis County,27137003000,1,1,"1,436",1.2,"1,164.50"
27137,MN,St. Louis County,27137003300,1,1,"2,540",0.9,"2,791.50"
27137,MN,St. Louis County,27137003400,1,1,"1,450",0.7,"2,017.60"
27137,MN,St. Louis County,27137003600,1,1,"1,737",2.3,761.7
27137,MN,St. Louis County,27137003700,1,1,"1,852",1.1,"1,684.50"
27137,MN,St. Louis County,27137003800,1,1,"3,025",8.2,369
27137,MN,St. Louis County,27137010100,1,1,"2,884",2.7,"1,070.30"
27137,MN,St. Louis County,27137010200,2,2,"1,584",18.8,84.4
27137,MN,St. Louis County,27137010300,1,1,"8,527",32.6,261.4
27137,MN,St. Louis County,27137010400,2,2,"3,470",30.5,113.7
27137,MN,St. Louis County,27137010500,2,2,"3,676",69.1,53.2
27137,MN,St. Louis County,27137010600,2,2,"6,198",256.2,24.2
27137,MN,St. Louis County,27137011100,2,2,"7,009",197.2,35.5
27137,MN,St. Louis County,27137011200,2,2,"3,315",434.6,7.6
27137,MN,St. Louis County,27137011300,10,10,"2,151",490.9,4.4
27137,MN,St. Louis County,27137011400,2,2,"3,146",948.2,3.3
27137,MN,St. Louis County,27137012100,5,5,"4,837",165.4,29.2
27137,MN,St. Louis County,27137012200,7,7.2,"1,873",9.2,203.3
27137,MN,St. Louis County,27137012300,4,4,"2,493",0.6,"3,941.90"
27137,MN,St. Louis County,27137012400,4,4,"4,339",6.3,691
27137,MN,St. Louis County,27137012500,4,4,"2,856",0.7,"4,253.90"
27137,MN,St. Louis County,27137012600,7,7.2,"4,976",4.5,"1,111.50"
27137,MN,St. Louis County,27137012700,5,5,"2,388",100.4,23.8
27137,MN,St. Louis County,27137012800,4,4,"2,912",51.3,56.8
27137,MN,St. Louis County,27137013000,4,4,"2,244",1.2,"1,800.60"
27137,MN,St. Louis County,27137013100,4,4,"2,508",0.5,"4,898.60"
27137,MN,St. Louis County,27137013200,4,4,"3,960",17.2,230.4
27137,MN,St. Louis County,27137013300,4,4,"3,718",6.1,608.6
27137,MN,St. Louis County,27137013400,5,5,"2,910",65.6,44.4
27137,MN,St. Louis County,27137013500,5,5,"1,799",11.8,152.3
27137,MN,St. Louis County,27137013600,5,5,"1,891",33,57.3
27137,MN,St. Louis County,27137013800,5,5,"1,682",3.7,449.5
27137,MN,St. Louis County,27137013900,5,5,"2,396",165.2,14.5
27137,MN,St. Louis County,27137014000,10,10,"2,017",56.4,35.7
27137,MN,St. Louis County,27137014100,10,10,"1,475",105.9,13.9
27137,MN,St. Louis County,27137015100,6,6,"2,966",415.3,7.1
27137,MN,St. Louis County,27137015200,5,5,"3,521",295.8,11.9
27137,MN,St. Louis County,27137015300,7,7,"3,450",2.7,"1,277.80"
27137,MN,St. Louis County,27137015400,8,8,"3,422",293.7,11.7
27137,MN,St. Louis County,27137015500,10,10,"3,441","1,877.40",1.8
27137,MN,St. Louis County,27137015600,1,1,"3,082",2,"1,563.60"
27137,MN,St. Louis County,27137015700,1,1,"4,787",0.7,"6,615.70"
27137,MN,St. Louis County,27137015800,1,1,"3,747",2.4,"1,557.30"
27137,MN,St. Louis County,27137990100,99,99,0,0,
27139,MN,Scott County,27139080100,1,1,"1,845",1.3,"1,425.70"
27139,MN,Scott County,27139080201,1,1,"2,328",4.3,545.2
27139,MN,Scott County,27139080202,1,1,"4,623",2,"2,330.60"
27139,MN,Scott County,27139080203,1,1,"7,542",2.1,"3,545.50"
27139,MN,Scott County,27139080204,1,1,"2,621",1.8,"1,434.90"
27139,MN,Scott County,27139080205,1,1,"7,952",4.1,"1,924.30"
27139,MN,Scott County,27139080301,1,1,"10,847",11.5,943.8
27139,MN,Scott County,27139080302,1,1,"14,633",11.7,"1,246.80"
27139,MN,Scott County,27139080400,1,1,"3,834",0.9,"4,363.20"
27139,MN,Scott County,27139080500,1,1,"2,816",1.1,"2,576.40"
27139,MN,Scott County,27139080600,1,1,"4,444",1.5,"2,991.50"
27139,MN,Scott County,27139080700,1,1,"2,421",12.3,196.3
27139,MN,Scott County,27139080800,2,2,"7,720",44.2,174.7
27139,MN,Scott County,27139080903,1,1,"6,756",10.9,617.6
27139,MN,Scott County,27139080904,1,1,"7,381",2.7,"2,734.40"
27139,MN,Scott County,27139080905,1,1,"4,980",3.5,"1,406.70"
27139,MN,Scott County,27139080906,1,1,"4,908",3.1,"1,566.60"
27139,MN,Scott County,27139081000,2,2,"7,580",47.1,160.8
27139,MN,Scott County,27139081100,2,2,"10,329",70.9,145.6
27139,MN,Scott County,27139081200,2,2,"5,928",35,169.3
27139,MN,Scott County,27139081300,2,2,"8,440",84.2,100.2
27141,MN,Sherburne County,27141030101,2,2,"11,300",40.5,278.8
27141,MN,Sherburne County,27141030102,2,2,"7,374",36.5,201.8
27141,MN,Sherburne County,27141030200,2,2,"7,224",102.6,70.4
27141,MN,Sherburne County,27141030300,2,2,"5,929",97.6,60.8
27141,MN,Sherburne County,27141030402,2,2,"9,292",25.1,369.7
27141,MN,Sherburne County,27141030403,2,2,"8,924",25.1,355.1
27141,MN,Sherburne County,27141030404,2,2,"8,983",62.2,144.5
27141,MN,Sherburne County,27141030502,1,1,"11,141",21.2,526.6
27141,MN,Sherburne County,27141030503,1,1,"6,193",4.8,"1,301.30"
27141,MN,Sherburne County,27141030504,1,1,"4,991",10.1,493.4
27141,MN,Sherburne County,27141031500,1,1,"7,148",7.2,989
27143,MN,Sibley County,27143170198,2,2,"4,305",158.8,27.1
27143,MN,Sibley County,27143170200,10,10,"3,640",198,18.4
27143,MN,Sibley County,27143170300,10,10,"3,308",131.3,25.2
27143,MN,Sibley County,27143170400,2,2,"3,973",100.6,39.5
27145,MN,Stearns County,27145000301,1,1,"3,280",0.7,"5,009.20"
27145,MN,Stearns County,27145000302,1,1,"7,397",1.5,"4,963.70"
27145,MN,Stearns County,27145000401,1,1,"5,106",4.9,"1,034.50"
27145,MN,Stearns County,27145000402,1,1,"5,299",5.3,"1,004.90"
27145,MN,Stearns County,27145000500,1,1,"7,132",8.5,837.3
27145,MN,Stearns County,27145000601,1,1,"3,510",1.1,"3,269.90"
27145,MN,Stearns County,27145000602,1,1,"3,034",0.6,"4,989.30"
27145,MN,Stearns County,27145000701,1,1,"2,857",1.2,"2,401.30"
27145,MN,Stearns County,27145000801,1,1,"3,342",0.8,"4,321.10"
27145,MN,Stearns County,27145000901,1,1,"4,489",1.7,"2,612.80"
27145,MN,Stearns County,27145001001,1,1,"8,833",5.2,"1,711.20"
27145,MN,Stearns County,27145010101,1,1,"7,024",10.2,688.1
27145,MN,Stearns County,27145010102,1,1,"8,213",7.9,"1,043.10"
27145,MN,Stearns County,27145010200,2,2,"5,687",87.4,65.1
27145,MN,Stearns County,27145010401,2,2,"3,759",32.7,115
27145,MN,Stearns County,27145010402,2,2,"3,947",50.8,77.7
27145,MN,Stearns County,27145010403,2,2,"3,045",86.8,35.1
27145,MN,Stearns County,27145010500,10,10,"3,691",105.1,35.1
27145,MN,Stearns County,27145010600,7,7,"4,054",43.2,93.8
27145,MN,Stearns County,27145010900,10,10,"3,821",218.8,17.5
27145,MN,Stearns County,27145011000,10,10,"3,901",32.8,119.1
27145,MN,Stearns County,27145011100,3,3,"7,042",165.8,42.5
27145,MN,Stearns County,27145011200,2,2,"6,487",147.7,43.9
27145,MN,Stearns County,27145011301,1,1,"7,846",16.6,472.2
27145,MN,Stearns County,27145011302,2,2,"6,779",37.4,181
27145,MN,Stearns County,27145011304,2,2,"6,321",75.2,84
27145,MN,Stearns County,27145011400,1,1,"4,539",44,103.2
27145,MN,Stearns County,27145011500,7,7,"6,274",148.9,42.1
27145,MN,Stearns County,27145011600,1,1,"3,933",0.4,"8,775.50"
27147,MN,Steele County,27147960100,5,5,"4,706",152.3,30.9
27147,MN,Steele County,27147960200,4,4,"6,051",9.3,652.1
27147,MN,Steele County,27147960300,4,4,"6,704",2.8,"2,379.10"
27147,MN,Steele County,27147960400,4,4,"4,112",6.8,606.2
27147,MN,Steele County,27147960500,5,5,"2,830",176.6,16
27147,MN,Steele County,27147960600,4,4,"3,607",1.7,"2,133.90"
27147,MN,Steele County,27147960700,4,4,"4,822",1.6,"2,992.80"
27147,MN,Steele County,27147960800,10,10,"3,744",78.6,47.7
27149,MN,Stevens County,27149480100,8,8,"2,426",417.9,5.8
27149,MN,Stevens County,27149480200,7,7,"3,994",32.3,123.6
27149,MN,Stevens County,27149480300,7,7,"3,306",113.4,29.2
27151,MN,Swift County,27151960100,5,5,"2,415",214.8,11.2
27151,MN,Swift County,27151960200,7,7,"3,322",5.9,561.9
27151,MN,Swift County,27151960300,10,10.3,"1,805",314.4,5.7
27151,MN,Swift County,27151960400,10,10,"2,241",207,10.8
27153,MN,Todd County,27153790100,7,7,"3,253",59.4,54.8
27153,MN,Todd County,27153790200,10,10,"2,686",149.2,18
27153,MN,Todd County,27153790300,10,10,"3,182",158.7,20.1
27153,MN,Todd County,27153790400,9,9,"3,468",201.4,17.2
27153,MN,Todd County,27153790500,8,8,"2,653",122.7,21.6
27153,MN,Todd County,27153790600,7,7,"3,852",18.1,213.2
27153,MN,Todd County,27153790700,9,9,"3,904",175.8,22.2
27153,MN,Todd County,27153790800,10,10,"1,897",59.8,31.7
27155,MN,Traverse County,27155460100,10,10,"2,116",279,7.6
27155,MN,Traverse County,27155460200,10,10,"1,442",294.9,4.9
27157,MN,Wabasha County,27157490100,10,10,"2,798",22.3,125.7
27157,MN,Wabasha County,27157490200,2,2,"3,397",174.8,19.4
27157,MN,Wabasha County,27157490300,7,7,"4,055",2.9,"1,376.90"
27157,MN,Wabasha County,27157490400,2,2,"4,532",181.9,24.9
27157,MN,Wabasha County,27157490500,2,2,"3,446",132.5,26
27157,MN,Wabasha County,27157490600,2,2,"3,448",8.5,407.1
27159,MN,Wadena County,27159480100,10,10,"3,285",204.4,16.1
27159,MN,Wadena County,27159480200,10,10,"5,682",293,19.4
27159,MN,Wadena County,27159480300,7,7,"4,876",38.9,125.4
27161,MN,Waseca County,27161790100,2,2,"3,364",71.1,47.3
27161,MN,Waseca County,27161790200,10,10,"2,666",141.9,18.8
27161,MN,Waseca County,27161790300,8,8,"3,137",198.9,15.8
27161,MN,Waseca County,27161790400,7,7,"5,481",3.5,"1,551.70"
27161,MN,Waseca County,27161790500,7,7,"4,488",7.9,570.1
27163,MN,Washington County,27163070103,2,2,"4,950",3.8,"1,285.80"
27163,MN,Washington County,27163070104,2,2,"2,925",0.9,"3,281.50"
27163,MN,Washington County,27163070105,2,2,"4,238",6.4,665.8
27163,MN,Washington County,27163070106,2,2,"6,262",19.5,321.9
27163,MN,Washington County,27163070203,1,1,"7,734",22.3,346.7
27163,MN,Washington County,27163070204,1,1,"5,598",11.1,502.3
27163,MN,Washington County,27163070205,2,2,"3,936",34.8,113.1
27163,MN,Washington County,27163070206,2,2,"3,465",37.8,91.7
27163,MN,Washington County,27163070301,1,1,"1,614",3.7,441.2
27163,MN,Washington County,27163070303,1,1,"4,811",2.8,"1,694.20"
27163,MN,Washington County,27163070304,1,1,"4,714",1.6,"2,940.40"
27163,MN,Washington County,27163070403,2,2,"3,884",24.4,158.9
27163,MN,Washington County,27163070404,1,1,"3,407",15.3,223
27163,MN,Washington County,27163070405,1,1,"4,340",9.9,436.8
27163,MN,Washington County,27163070406,1,1,"3,703",12.3,301.7
27163,MN,Washington County,27163070501,1,1,"3,566",2.3,"1,560.40"
27163,MN,Washington County,27163070502,1,1,"4,054",1.5,"2,648.20"
27163,MN,Washington County,27163070601,1,1,"6,532",2.4,"2,754.90"
27163,MN,Washington County,27163070602,1,1,"2,781",1,"2,780.50"
27163,MN,Washington County,27163070701,1,1,"6,580",20,328.8
27163,MN,Washington County,27163070703,1,1,"3,336",2.7,"1,218.60"
27163,MN,Washington County,27163070704,1,1,"1,897",2,927.1
27163,MN,Washington County,27163070801,1,1,"1,587",0.1,"19,012.70"
27163,MN,Washington County,27163070802,1,1,448,0.3,"1,563.90"
27163,MN,Washington County,27163070906,1,1,"5,090",2.7,"1,885.00"
27163,MN,Washington County,27163070907,1,1,"4,991",2.1,"2,377.70"
27163,MN,Washington County,27163070909,1,1,"5,593",1.6,"3,451.80"
27163,MN,Washington County,27163070910,1,1,"4,856",2.4,"2,050.40"
27163,MN,Washington County,27163070911,1,1,"4,620",1.7,"2,796.70"
27163,MN,Washington County,27163070912,1,1,"2,922",0.6,"4,608.70"
27163,MN,Washington County,27163071001,1,1,"4,834",2,"2,449.20"
27163,MN,Washington County,27163071003,1,1,"3,435",3.6,946.1
27163,MN,Washington County,27163071006,1,1,"4,658",2.5,"1,869.20"
27163,MN,Washington County,27163071010,1,1,"5,298",2,"2,621.70"
27163,MN,Washington County,27163071011,1,1,"2,945",0.9,"3,378.40"
27163,MN,Washington County,27163071012,1,1,"4,912",1.8,"2,729.20"
27163,MN,Washington County,27163071013,1,1,"4,962",1.6,"3,136.40"
27163,MN,Washington County,27163071014,1,1,"4,285",1,"4,316.60"
27163,MN,Washington County,27163071015,1,1,"6,802",1.7,"3,959.50"
27163,MN,Washington County,27163071016,1,1,"4,585",1.8,"2,506.70"
27163,MN,Washington County,27163071017,1,1,"6,083",3.8,"1,581.70"
27163,MN,Washington County,27163071018,1,1,"12,597",15.6,807.3
27163,MN,Washington County,27163071101,2,2,"3,526",3.3,"1,059.00"
27163,MN,Washington County,27163071102,2,2,"4,630",53.8,86
27163,MN,Washington County,27163071206,1,1,"9,609",4.2,"2,307.80"
27163,MN,Washington County,27163071207,1,1,"7,218",13.4,538.5
27163,MN,Washington County,27163071208,1,1,"5,100",1.4,"3,520.10"
27163,MN,Washington County,27163071209,1,1,"5,951",2,"3,024.10"
27163,MN,Washington County,27163071300,1,1,"5,269",2.2,"2,414.70"
27163,MN,Washington County,27163071400,1,1,"7,003",15.6,449.9
27165,MN,Watonwan County,27165950100,10,10,"3,568",144,24.8
27165,MN,Watonwan County,27165950200,7,7,"4,666",7.3,640.7
27165,MN,Watonwan County,27165950300,10,10,"2,977",283.6,10.5
27167,MN,Wilkin County,27167950100,5,5,"3,250",745.9,4.4
27167,MN,Wilkin County,27167950200,4,4,"3,326",5.1,658.3
27169,MN,Winona County,27169670100,4,4,"7,451",195.1,38.2
27169,MN,Winona County,27169670200,4,4,"3,063",4.6,669.9
27169,MN,Winona County,27169670300,4,4,"6,684",8.7,765.6
27169,MN,Winona County,27169670400,4,4,"4,484",1.9,"2,419.10"
27169,MN,Winona County,27169670500,4,4,"5,646",0.7,"8,101.50"
27169,MN,Winona County,27169670600,4,4,"4,231",5.5,763
27169,MN,Winona County,27169670700,4,4,"3,741",2.4,"1,542.80"
27169,MN,Winona County,27169670800,5,5,"7,293",198.5,36.7
27169,MN,Winona County,27169670900,5,5,"3,852",137.8,27.9
27169,MN,Winona County,27169671000,2,2,"5,016",70.9,70.7
27171,MN,Wright County,27171100100,1,1,"12,767",27.5,464.1
27171,MN,Wright County,27171100202,2,2,"1,461",26.1,56.1
27171,MN,Wright County,27171100203,2,2,"5,568",9.6,577.4
27171,MN,Wright County,27171100204,2,2,"8,926",10.6,841
27171,MN,Wright County,27171100300,2,2,"5,376",59.5,90.4
27171,MN,Wright County,27171100400,3,3,"5,024",27.3,183.9
27171,MN,Wright County,27171100500,3,3,"4,675",91.3,51.2
27171,MN,Wright County,27171100701,2,2,"5,755",2.7,"2,108.10"
27171,MN,Wright County,27171100702,2,2,"8,207",8.3,990.1
27171,MN,Wright County,27171100703,2,2,"8,470",70.1,120.9
27171,MN,Wright County,27171100801,1,1,"12,818",27,475.1
27171,MN,Wright County,27171100802,1,1,"13,797",14.9,926.4
27171,MN,Wright County,27171100900,2,2,"7,321",36.2,202.3
27171,MN,Wright County,27171101000,2,2,"8,224",45.4,181.2
27171,MN,Wright County,27171101100,2,2,"7,416",68.5,108.2
27171,MN,Wright County,27171101200,10,10,"3,931",67.4,58.3
27171,MN,Wright County,27171101300,7,7,"4,964",69.1,71.9
27173,MN,Yellow Medicine County,27173970100,7,7,"3,371",147.5,22.9
27173,MN,Yellow Medicine County,27173970200,10,10,"2,520",144.1,17.5
27173,MN,Yellow Medicine County,27173970300,10,10,"2,517",286.3,8.8
27173,MN,Yellow Medicine County,27173970400,10,10,"2,030",181.2,11.2